season,week,celebrity,fan_votes_mean,fan_votes_std
1,1,John O'Hurley,169923.0,51002.0
1,1,Kelly Monaco,160529.0,50870.0
1,1,Evander Holyfield,170271.0,48335.0
1,1,Rachel Hunter,173815.0,50011.0
1,1,Joey McIntyre,170427.0,51133.0
1,1,Trista Sutter,165075.0,49366.0
1,2,John O'Hurley,173500.0,46168.0
1,2,Kelly Monaco,199374.0,40208.0
1,2,Evander Holyfield,214439.0,27184.0
1,2,Rachel Hunter,173356.0,40858.0
1,2,Joey McIntyre,184892.0,38730.0
1,2,Trista Sutter,93762.0,6166.0
1,3,John O'Hurley,256117.0,59189.0
1,3,Kelly Monaco,317331.0,36444.0
1,3,Evander Holyfield,256186.0,18184.0
1,3,Rachel Hunter,280220.0,59399.0
1,3,Joey McIntyre,279237.0,60801.0
1,5,John O'Hurley,1139779.0,271937.0
1,5,Kelly Monaco,1029223.0,263163.0
1,5,Joey McIntyre,988517.0,246833.0
1,6,John O'Hurley,1301945.0,222036.0
1,6,Kelly Monaco,1935004.0,222036.0
2,1,Tatum O'Neal,99208.0,33404.0
2,1,Tia Carrere,103455.0,32718.0
2,1,George Hamilton,111326.0,33134.0
2,1,Lisa Rinna,103673.0,32103.0
2,1,Stacy Keibler,104112.0,37085.0
2,1,Jerry Rice,104362.0,31290.0
2,1,Giselle Fernandez,101408.0,33204.0
2,1,Master P,110963.0,29589.0
2,1,Drew Lachey,109024.0,38877.0
2,1,Kenny Mayne,51293.0,6287.0
2,2,Tatum O'Neal,60090.0,8326.0
2,2,Tia Carrere,118563.0,39640.0
2,2,George Hamilton,118403.0,30957.0
2,2,Lisa Rinna,121207.0,29359.0
2,2,Stacy Keibler,115418.0,35081.0
2,2,Jerry Rice,111873.0,25907.0
2,2,Giselle Fernandez,112392.0,37711.0
2,2,Master P,141017.0,35368.0
2,2,Drew Lachey,124993.0,46840.0
2,3,Tia Carrere,128316.0,47679.0
2,3,George Hamilton,118009.0,29659.0
2,3,Lisa Rinna,172482.0,43272.0
2,3,Stacy Keibler,143902.0,38075.0
2,3,Jerry Rice,128418.0,12767.0
2,3,Giselle Fernandez,59046.0,2597.0
2,3,Master P,208965.0,50210.0
2,3,Drew Lachey,173137.0,69705.0
2,4,Tia Carrere,208272.0,59045.0
2,4,George Hamilton,217125.0,38212.0
2,4,Lisa Rinna,236549.0,80724.0
2,4,Stacy Keibler,251085.0,64441.0
2,4,Jerry Rice,209067.0,19396.0
2,4,Master P,167065.0,13632.0
2,4,Drew Lachey,182998.0,30942.0
2,5,Tia Carrere,235800.0,42512.0
2,5,George Hamilton,343275.0,54211.0
2,5,Lisa Rinna,328764.0,46682.0
2,5,Stacy Keibler,438325.0,43498.0
2,5,Jerry Rice,331932.0,30683.0
2,5,Drew Lachey,319006.0,40301.0
2,6,George Hamilton,381583.0,19819.0
2,6,Lisa Rinna,459720.0,37549.0
2,6,Stacy Keibler,578011.0,60757.0
2,6,Jerry Rice,469086.0,34271.0
2,6,Drew Lachey,454099.0,62508.0
2,7,Lisa Rinna,648564.0,6170.0
2,7,Stacy Keibler,973846.0,27449.0
2,7,Jerry Rice,760327.0,15237.0
2,7,Drew Lachey,739740.0,10903.0
2,8,Stacy Keibler,882553.0,18379.0
2,8,Jerry Rice,1114190.0,27780.0
2,8,Drew Lachey,955372.0,23533.0
3,1,Harry Hamlin,92139.0,33186.0
3,1,Vivica A. Fox,96514.0,31289.0
3,1,Monique Coleman,91917.0,31961.0
3,1,Joey Lawrence,94635.0,32887.0
3,1,Mario Lopez,94939.0,30148.0
3,1,Emmitt Smith,98008.0,33623.0
3,1,Shanna Moakler,93066.0,31881.0
3,1,Willa Ford,92776.0,29818.0
3,1,Sara Evans,94316.0,32659.0
3,1,Jerry Springer,98601.0,34899.0
3,1,Tucker Carlson,44247.0,2831.0
3,2,Harry Hamlin,100361.0,35685.0
3,2,Vivica A. Fox,119962.0,34947.0
3,2,Monique Coleman,100409.0,31208.0
3,2,Joey Lawrence,107231.0,25663.0
3,2,Mario Lopez,102547.0,26013.0
3,2,Emmitt Smith,107952.0,35285.0
3,2,Shanna Moakler,33309.0,4600.0
3,2,Willa Ford,97049.0,25903.0
3,2,Sara Evans,97864.0,28988.0
3,2,Jerry Springer,138995.0,46287.0
3,3,Harry Hamlin,43120.0,2685.0
3,3,Vivica A. Fox,137923.0,24245.0
3,3,Monique Coleman,151186.0,31702.0
3,3,Joey Lawrence,131653.0,18275.0
3,3,Mario Lopez,112329.0,16772.0
3,3,Emmitt Smith,123029.0,24578.0
3,3,Willa Ford,102383.0,21022.0
3,3,Sara Evans,108603.0,16313.0
3,3,Jerry Springer,143729.0,49501.0
3,4,Vivica A. Fox,59834.0,9586.0
3,4,Monique Coleman,170830.0,36483.0
3,4,Joey Lawrence,149785.0,21704.0
3,4,Mario Lopez,129063.0,19747.0
3,4,Emmitt Smith,139799.0,28387.0
3,4,Willa Ford,116852.0,23813.0
3,4,Sara Evans,123854.0,18204.0
3,4,Jerry Springer,162036.0,53736.0
3,5,Monique Coleman,278724.0,60404.0
3,5,Joey Lawrence,214397.0,9798.0
3,5,Mario Lopez,209013.0,22420.0
3,5,Emmitt Smith,224681.0,40207.0
3,5,Willa Ford,80497.0,7473.0
3,5,Sara Evans,132369.0,16764.0
3,5,Jerry Springer,272176.0,93684.0
3,6,Monique Coleman,449914.0,108583.0
3,6,Joey Lawrence,339788.0,28445.0
3,6,Mario Lopez,402223.0,81140.0
3,6,Emmitt Smith,342756.0,67245.0
3,6,Jerry Springer,418455.0,102604.0
3,7,Monique Coleman,601056.0,26029.0
3,7,Joey Lawrence,379093.0,19152.0
3,7,Mario Lopez,495085.0,21837.0
3,7,Emmitt Smith,357911.0,19112.0
3,7,Jerry Springer,287968.0,7510.0
3,9,Joey Lawrence,1066031.0,271879.0
3,9,Mario Lopez,1082037.0,267614.0
3,9,Emmitt Smith,1062820.0,260543.0
3,10,Mario Lopez,1309823.0,211769.0
3,10,Emmitt Smith,1927126.0,211769.0
4,1,John Ratzenberger,92186.0,32090.0
4,1,Ian Ziering,93669.0,32367.0
4,1,Clyde Drexler,89150.0,31586.0
4,1,Laila Ali,96284.0,30698.0
4,1,Apolo Anton Ohno,95600.0,33204.0
4,1,Shandi Finnessey,88491.0,28038.0
4,1,Paulina Porizkova,92650.0,30538.0
4,1,Heather Mills,88862.0,29428.0
4,1,Billy Ray Cyrus,87834.0,30271.0
4,1,Joey Fatone,97780.0,32838.0
4,1,Leeza Gibbons,87534.0,31396.0
4,2,John Ratzenberger,89397.0,23964.0
4,2,Ian Ziering,102352.0,34159.0
4,2,Clyde Drexler,92460.0,23475.0
4,2,Laila Ali,99495.0,28254.0
4,2,Apolo Anton Ohno,98705.0,37415.0
4,2,Shandi Finnessey,92353.0,25578.0
4,2,Paulina Porizkova,28127.0,4399.0
4,2,Heather Mills,97862.0,38763.0
4,2,Billy Ray Cyrus,90175.0,24971.0
4,2,Joey Fatone,109532.0,36085.0
4,2,Leeza Gibbons,103416.0,26443.0
4,3,John Ratzenberger,126940.0,12985.0
4,3,Ian Ziering,79041.0,22910.0
4,3,Clyde Drexler,119264.0,6045.0
4,3,Laila Ali,124698.0,22309.0
4,3,Apolo Anton Ohno,159621.0,17815.0
4,3,Shandi Finnessey,32351.0,1775.0
4,3,Heather Mills,109264.0,10634.0
4,3,Billy Ray Cyrus,122573.0,7274.0
4,3,Joey Fatone,91605.0,20444.0
4,3,Leeza Gibbons,81508.0,15705.0
4,4,John Ratzenberger,152498.0,8206.0
4,4,Ian Ziering,96600.0,20536.0
4,4,Clyde Drexler,140589.0,8354.0
4,4,Laila Ali,160295.0,18313.0
4,4,Apolo Anton Ohno,198848.0,18975.0
4,4,Heather Mills,133991.0,9787.0
4,4,Billy Ray Cyrus,149991.0,9411.0
4,4,Joey Fatone,117781.0,10339.0
4,4,Leeza Gibbons,67887.0,4370.0
4,5,John Ratzenberger,204330.0,13612.0
4,5,Ian Ziering,135856.0,22413.0
4,5,Clyde Drexler,126322.0,6764.0
4,5,Laila Ali,234288.0,23222.0
4,5,Apolo Anton Ohno,267186.0,25540.0
4,5,Heather Mills,177682.0,11824.0
4,5,Billy Ray Cyrus,190017.0,14413.0
4,5,Joey Fatone,161094.0,14770.0
4,6,John Ratzenberger,320024.0,17611.0
4,6,Ian Ziering,319560.0,19254.0
4,6,Laila Ali,225756.0,7348.0
4,6,Apolo Anton Ohno,241982.0,14830.0
4,6,Heather Mills,119353.0,3557.0
4,6,Billy Ray Cyrus,310223.0,14504.0
4,6,Joey Fatone,292648.0,12154.0
4,8,Ian Ziering,485428.0,103791.0
4,8,Laila Ali,518711.0,133596.0
4,8,Apolo Anton Ohno,526402.0,126902.0
4,8,Billy Ray Cyrus,270486.0,31623.0
4,8,Joey Fatone,518638.0,124141.0
4,9,Ian Ziering,484255.0,17947.0
4,9,Laila Ali,883454.0,139304.0
4,9,Apolo Anton Ohno,871676.0,139631.0
4,9,Joey Fatone,848515.0,152229.0
4,10,Laila Ali,812725.0,33048.0
4,10,Apolo Anton Ohno,1252918.0,102385.0
4,10,Joey Fatone,1043538.0,192401.0
5,1,Cameron Mathison,84057.0,29120.0
5,1,Jane Seymour,87059.0,31089.0
5,1,Sabrina Bryan,86973.0,28653.0
5,1,Jennie Garth,84336.0,27602.0
5,1,Floyd Mayweather Jr. ,89783.0,27268.0
5,1,Josie Maran,34725.0,1010.0
5,1,Albert Reed,87021.0,30479.0
5,1,Helio Castroneves,89699.0,31422.0
5,1,Mel B,84299.0,29192.0
5,1,Wayne Newton,90061.0,32293.0
5,1,Marie Osmond,88263.0,27549.0
5,1,Mark Cuban,82286.0,25918.0
5,2,Cameron Mathison,84842.0,23780.0
5,2,Jane Seymour,86716.0,19306.0
5,2,Sabrina Bryan,129943.0,62739.0
5,2,Jennie Garth,98836.0,26735.0
5,2,Floyd Mayweather Jr. ,81672.0,28570.0
5,2,Albert Reed,26617.0,3574.0
5,2,Helio Castroneves,101880.0,23051.0
5,2,Mel B,102413.0,31178.0
5,2,Wayne Newton,124058.0,31331.0
5,2,Marie Osmond,81275.0,27160.0
5,2,Mark Cuban,86229.0,17169.0
5,3,Cameron Mathison,95426.0,28160.0
5,3,Jane Seymour,96638.0,19212.0
5,3,Sabrina Bryan,131040.0,38847.0
5,3,Jennie Garth,128677.0,19511.0
5,3,Floyd Mayweather Jr. ,117351.0,24895.0
5,3,Helio Castroneves,94474.0,12121.0
5,3,Mel B,114721.0,47057.0
5,3,Wayne Newton,50971.0,3860.0
5,3,Marie Osmond,111497.0,11924.0
5,3,Mark Cuban,111545.0,18588.0
5,4,Cameron Mathison,158769.0,9909.0
5,4,Jane Seymour,122630.0,26181.0
5,4,Sabrina Bryan,124753.0,17807.0
5,4,Jennie Garth,153848.0,18106.0
5,4,Floyd Mayweather Jr. ,51715.0,2211.0
5,4,Helio Castroneves,130131.0,22434.0
5,4,Mel B,160056.0,54572.0
5,4,Marie Osmond,156714.0,14652.0
5,4,Mark Cuban,124563.0,6227.0
5,5,Cameron Mathison,208577.0,14262.0
5,5,Jane Seymour,186727.0,20486.0
5,5,Sabrina Bryan,153023.0,16213.0
5,5,Jennie Garth,228762.0,19270.0
5,5,Helio Castroneves,200892.0,16960.0
5,5,Mel B,175005.0,36421.0
5,5,Marie Osmond,221281.0,12825.0
5,5,Mark Cuban,84604.0,4053.0
5,6,Cameron Mathison,268305.0,19931.0
5,6,Jane Seymour,253905.0,15148.0
5,6,Sabrina Bryan,116838.0,5329.0
5,6,Jennie Garth,343907.0,16760.0
5,6,Helio Castroneves,328721.0,18161.0
5,6,Mel B,240607.0,12818.0
5,6,Marie Osmond,324041.0,15622.0
5,7,Cameron Mathison,338255.0,23012.0
5,7,Jane Seymour,177806.0,8101.0
5,7,Jennie Garth,446325.0,22703.0
5,7,Helio Castroneves,424149.0,23459.0
5,7,Mel B,304216.0,14804.0
5,7,Marie Osmond,451609.0,21582.0
5,8,Cameron Mathison,267109.0,12283.0
5,8,Jennie Garth,533133.0,26321.0
5,8,Helio Castroneves,567920.0,31296.0
5,8,Mel B,389336.0,19272.0
5,8,Marie Osmond,540162.0,28094.0
5,10,Helio Castroneves,1346924.0,150120.0
5,10,Mel B,1066167.0,236117.0
5,10,Marie Osmond,731764.0,114582.0
6,1,Cristian de la Fuente,85419.0,28747.0
6,1,Steve Guttenberg,81718.0,28487.0
6,1,Priscilla Presley,88375.0,30889.0
6,1,Marlee Matlin,86882.0,29719.0
6,1,Shannon Elizabeth,83651.0,28810.0
6,1,Marissa Jaret Winokur,83503.0,28522.0
6,1,Jason Taylor,84825.0,30305.0
6,1,Kristi Yamaguchi,89119.0,30803.0
6,1,Monica Seles,80380.0,28373.0
6,1,Penn Jillette,78409.0,27209.0
6,1,Adam Carolla,81465.0,28645.0
6,1,Mario,86294.0,27022.0
6,2,Cristian de la Fuente,94332.0,28419.0
6,2,Steve Guttenberg,92420.0,22267.0
6,2,Priscilla Presley,89800.0,26081.0
6,2,Marlee Matlin,86415.0,31149.0
6,2,Shannon Elizabeth,84963.0,27995.0
6,2,Marissa Jaret Winokur,87371.0,27096.0
6,2,Jason Taylor,88045.0,27531.0
6,2,Kristi Yamaguchi,103121.0,36375.0
6,2,Monica Seles,45988.0,4875.0
6,2,Penn Jillette,28454.0,4410.0
6,2,Adam Carolla,92872.0,29045.0
6,2,Mario,92499.0,28224.0
6,3,Cristian de la Fuente,140800.0,43150.0
6,3,Steve Guttenberg,36987.0,5450.0
6,3,Priscilla Presley,117417.0,14754.0
6,3,Marlee Matlin,95781.0,18657.0
6,3,Shannon Elizabeth,104135.0,10171.0
6,3,Marissa Jaret Winokur,109044.0,6399.0
6,3,Jason Taylor,85466.0,21817.0
6,3,Kristi Yamaguchi,167905.0,19973.0
6,3,Adam Carolla,99905.0,12800.0
6,3,Mario,96757.0,18138.0
6,4,Cristian de la Fuente,179940.0,53693.0
6,4,Priscilla Presley,138950.0,15746.0
6,4,Marlee Matlin,115301.0,26902.0
6,4,Shannon Elizabeth,134145.0,12076.0
6,4,Marissa Jaret Winokur,138303.0,8176.0
6,4,Jason Taylor,104613.0,31611.0
6,4,Kristi Yamaguchi,194419.0,24941.0
6,4,Adam Carolla,66553.0,6959.0
6,4,Mario,121737.0,20602.0
6,5,Cristian de la Fuente,182687.0,16836.0
6,5,Priscilla Presley,84962.0,8081.0
6,5,Marlee Matlin,187593.0,11363.0
6,5,Shannon Elizabeth,179947.0,13139.0
6,5,Marissa Jaret Winokur,196657.0,14371.0
6,5,Jason Taylor,188415.0,20169.0
6,5,Kristi Yamaguchi,275804.0,40228.0
6,5,Mario,171262.0,28507.0
6,6,Cristian de la Fuente,256799.0,39198.0
6,6,Marlee Matlin,146036.0,8957.0
6,6,Shannon Elizabeth,257888.0,17498.0
6,6,Marissa Jaret Winokur,286487.0,23383.0
6,6,Jason Taylor,262615.0,22216.0
6,6,Kristi Yamaguchi,381718.0,52582.0
6,6,Mario,249944.0,33521.0
6,8,Cristian de la Fuente,532905.0,123231.0
6,8,Marissa Jaret Winokur,513724.0,104683.0
6,8,Jason Taylor,521862.0,108858.0
6,8,Kristi Yamaguchi,524106.0,124523.0
6,8,Mario,235650.0,10080.0
6,9,Cristian de la Fuente,908900.0,165090.0
6,9,Marissa Jaret Winokur,498955.0,24479.0
6,9,Jason Taylor,879694.0,129836.0
6,9,Kristi Yamaguchi,788309.0,173544.0
6,10,Cristian de la Fuente,817248.0,61708.0
6,10,Jason Taylor,1127777.0,137686.0
6,10,Kristi Yamaguchi,1246884.0,114874.0
7,1,Ted McGinley,23755.0,3246.0
7,1,Cloris Leachman,93461.0,25889.0
7,1,Susan Lucci,81462.0,26195.0
7,1,Cody Linley,82723.0,30527.0
7,1,Misty May-Treanor,80046.0,23247.0
7,1,Maurice Greene,81844.0,26245.0
7,1,Warren Sapp,84109.0,30351.0
7,1,Jeffrey Ross,34095.0,1277.0
7,1,Toni Braxton,64760.0,16549.0
7,1,Lance Bass,75220.0,22025.0
7,1,Kim Kardashian,85187.0,23984.0
7,1,Rocco DiSpirito,83657.0,27665.0
7,1,Brooke Burke,94047.0,32936.0
7,2,Cloris Leachman,96735.0,27388.0
7,2,Susan Lucci,83538.0,27652.0
7,2,Cody Linley,82666.0,31336.0
7,2,Misty May-Treanor,31254.0,4723.0
7,2,Maurice Greene,84703.0,26871.0
7,2,Warren Sapp,83665.0,29031.0
7,2,Toni Braxton,66672.0,17238.0
7,2,Lance Bass,76849.0,22310.0
7,2,Kim Kardashian,34396.0,5149.0
7,2,Rocco DiSpirito,84981.0,27643.0
7,2,Brooke Burke,94639.0,31383.0
7,3,Cloris Leachman,137219.0,35170.0
7,3,Susan Lucci,119599.0,38668.0
7,3,Cody Linley,119661.0,42979.0
7,3,Maurice Greene,123187.0,37687.0
7,3,Warren Sapp,123191.0,40912.0
7,3,Toni Braxton,95102.0,24041.0
7,3,Lance Bass,109273.0,28825.0
7,3,Rocco DiSpirito,122154.0,37963.0
7,3,Brooke Burke,138419.0,43430.0
7,4,Cloris Leachman,175421.0,40633.0
7,4,Susan Lucci,149726.0,56441.0
7,4,Cody Linley,133340.0,37018.0
7,4,Maurice Greene,136503.0,35262.0
7,4,Warren Sapp,141521.0,46331.0
7,4,Toni Braxton,113552.0,19372.0
7,4,Lance Bass,130634.0,27542.0
7,4,Rocco DiSpirito,61904.0,6373.0
7,4,Brooke Burke,155416.0,50833.0
7,5,Cloris Leachman,217623.0,34456.0
7,5,Susan Lucci,221702.0,86416.0
7,5,Cody Linley,157386.0,29260.0
7,5,Maurice Greene,199923.0,25315.0
7,5,Warren Sapp,213817.0,65671.0
7,5,Toni Braxton,79758.0,6232.0
7,5,Lance Bass,183411.0,22779.0
7,5,Brooke Burke,216608.0,64969.0
7,6,Cloris Leachman,183828.0,8614.0
7,6,Susan Lucci,290998.0,86392.0
7,6,Cody Linley,225306.0,25181.0
7,6,Maurice Greene,265178.0,26944.0
7,6,Warren Sapp,305188.0,95040.0
7,6,Lance Bass,274077.0,24676.0
7,6,Brooke Burke,343531.0,75795.0
7,7,Susan Lucci,176599.0,6640.0
7,7,Cody Linley,335470.0,14016.0
7,7,Maurice Greene,364387.0,18142.0
7,7,Warren Sapp,557360.0,43489.0
7,7,Lance Bass,355810.0,16105.0
7,7,Brooke Burke,366936.0,34736.0
7,8,Cody Linley,429062.0,13350.0
7,8,Maurice Greene,265557.0,7381.0
7,8,Warren Sapp,732218.0,40526.0
7,8,Lance Bass,433500.0,25160.0
7,8,Brooke Burke,413543.0,26643.0
7,9,Cody Linley,552531.0,13448.0
7,9,Warren Sapp,1073941.0,58011.0
7,9,Lance Bass,801637.0,42115.0
7,9,Brooke Burke,681335.0,40570.0
7,10,Warren Sapp,1324592.0,64168.0
7,10,Lance Bass,851284.0,13842.0
7,10,Brooke Burke,1057792.0,18996.0
8,1,Gilles Marini,80402.0,27335.0
8,1,Denise Richards,76138.0,26603.0
8,1,David Alan Grier,79475.0,27107.0
8,1,Lawrence Taylor,77525.0,26818.0
8,1,Ty Murray,73256.0,26292.0
8,1,Shawn Johnson,80179.0,26612.0
8,1,Steve Wozniak,74738.0,26873.0
8,1,Belinda Carlisle,76468.0,25822.0
8,1,Chuck Wicks,77446.0,26807.0
8,1,Lil' Kim,79386.0,26326.0
8,1,Steve-O,77825.0,26849.0
8,1,Holly Madison,76591.0,26800.0
8,1,Melissa Rycroft,80611.0,27274.0
8,2,Gilles Marini,77191.0,27585.0
8,2,Denise Richards,74435.0,24237.0
8,2,David Alan Grier,83378.0,24576.0
8,2,Lawrence Taylor,76750.0,22263.0
8,2,Ty Murray,80971.0,28482.0
8,2,Shawn Johnson,78645.0,24689.0
8,2,Steve Wozniak,85566.0,23941.0
8,2,Belinda Carlisle,24089.0,3748.0
8,2,Chuck Wicks,85206.0,31198.0
8,2,Lil' Kim,83349.0,28739.0
8,2,Steve-O,86920.0,24899.0
8,2,Holly Madison,82216.0,26452.0
8,2,Melissa Rycroft,85323.0,29224.0
8,3,Gilles Marini,78328.0,20253.0
8,3,Denise Richards,38002.0,4567.0
8,3,David Alan Grier,98990.0,28249.0
8,3,Lawrence Taylor,84813.0,21110.0
8,3,Ty Murray,83020.0,27669.0
8,3,Shawn Johnson,89637.0,26695.0
8,3,Steve Wozniak,109728.0,18452.0
8,3,Chuck Wicks,78243.0,17114.0
8,3,Lil' Kim,92597.0,28409.0
8,3,Steve-O,106307.0,29928.0
8,3,Holly Madison,101192.0,24815.0
8,3,Melissa Rycroft,88437.0,25686.0
8,4,Gilles Marini,97202.0,23447.0
8,4,David Alan Grier,95163.0,8448.0
8,4,Lawrence Taylor,108596.0,8936.0
8,4,Ty Murray,160100.0,36383.0
8,4,Shawn Johnson,74645.0,17322.0
8,4,Steve Wozniak,89296.0,3412.0
8,4,Chuck Wicks,91385.0,24057.0
8,4,Lil' Kim,91555.0,37967.0
8,4,Steve-O,161289.0,16592.0
8,4,Holly Madison,42964.0,3281.0
8,4,Melissa Rycroft,102850.0,34440.0
8,5,Gilles Marini,116898.0,27171.0
8,5,David Alan Grier,54638.0,4849.0
8,5,Lawrence Taylor,129001.0,11311.0
8,5,Ty Murray,188732.0,45698.0
8,5,Shawn Johnson,89354.0,21429.0
8,5,Chuck Wicks,107056.0,27825.0
8,5,Lil' Kim,112667.0,46810.0
8,5,Steve-O,191483.0,19681.0
8,5,Melissa Rycroft,121631.0,40199.0
8,7,Gilles Marini,312988.0,83913.0
8,7,Lawrence Taylor,143568.0,5326.0
8,7,Ty Murray,312568.0,72748.0
8,7,Shawn Johnson,317132.0,87392.0
8,7,Chuck Wicks,305067.0,82898.0
8,7,Lil' Kim,314918.0,76072.0
8,7,Melissa Rycroft,322459.0,87046.0
8,8,Gilles Marini,399557.0,94218.0
8,8,Ty Murray,404238.0,73823.0
8,8,Shawn Johnson,437802.0,104139.0
8,8,Chuck Wicks,177705.0,19082.0
8,8,Lil' Kim,408047.0,84910.0
8,8,Melissa Rycroft,410537.0,75478.0
8,9,Gilles Marini,483906.0,89048.0
8,9,Ty Murray,479536.0,62837.0
8,9,Shawn Johnson,525993.0,86833.0
8,9,Lil' Kim,263862.0,21763.0
8,9,Melissa Rycroft,555770.0,87670.0
8,10,Gilles Marini,811633.0,121471.0
8,10,Ty Murray,582874.0,32522.0
8,10,Shawn Johnson,865932.0,167842.0
8,10,Melissa Rycroft,823769.0,119588.0
8,11,Gilles Marini,1000461.0,155017.0
8,11,Shawn Johnson,1318455.0,152708.0
8,11,Melissa Rycroft,814685.0,43721.0
9,1,Ashley Hamiliton,19792.0,3047.0
9,1,Debi Mazar,65673.0,24211.0
9,1,Melissa Joan Hart,64490.0,26818.0
9,1,Mark Dacascos,62752.0,18063.0
9,1,Chuck Liddell,69218.0,21876.0
9,1,Natalie Coughlin,64885.0,18820.0
9,1,Louie Vito,61236.0,21060.0
9,1,Michael Irvin,70722.0,22469.0
9,1,Joanna Krupa,62546.0,21983.0
9,1,Kathy Ireland,76751.0,26844.0
9,1,Tom DeLay,78066.0,28434.0
9,1,Macy Gray,25859.0,2319.0
9,1,Aaron Carter,68097.0,24482.0
9,1,Mya,59096.0,14412.0
9,1,Donny Osmond,66913.0,26109.0
9,1,Kelly Osbourne,59231.0,20831.0
9,2,Debi Mazar,116357.0,3484.0
9,2,Melissa Joan Hart,83679.0,2464.0
9,2,Mark Dacascos,44290.0,8389.0
9,2,Chuck Liddell,102366.0,13529.0
9,2,Natalie Coughlin,47322.0,1571.0
9,2,Louie Vito,78521.0,2903.0
9,2,Michael Irvin,107603.0,7047.0
9,2,Joanna Krupa,93999.0,3737.0
9,2,Kathy Ireland,21800.0,1375.0
9,2,Tom DeLay,77667.0,5696.0
9,2,Aaron Carter,39793.0,3295.0
9,2,Mya,66087.0,7430.0
9,2,Donny Osmond,62107.0,14832.0
9,2,Kelly Osbourne,59545.0,4657.0
9,4,Melissa Joan Hart,119215.0,37879.0
9,4,Mark Dacascos,114736.0,35289.0
9,4,Chuck Liddell,45998.0,1238.0
9,4,Natalie Coughlin,122300.0,41538.0
9,4,Louie Vito,116596.0,30035.0
9,4,Michael Irvin,117773.0,34216.0
9,4,Joanna Krupa,120624.0,43449.0
9,4,Aaron Carter,115878.0,35044.0
9,4,Mya,123560.0,37886.0
9,4,Donny Osmond,104289.0,30740.0
9,4,Kelly Osbourne,112731.0,39046.0
9,5,Melissa Joan Hart,157588.0,47631.0
9,5,Mark Dacascos,160041.0,38740.0
9,5,Natalie Coughlin,53259.0,7664.0
9,5,Louie Vito,166995.0,37096.0
9,5,Michael Irvin,171950.0,40106.0
9,5,Joanna Krupa,169810.0,42915.0
9,5,Aaron Carter,165671.0,47117.0
9,5,Mya,155756.0,39594.0
9,5,Donny Osmond,141076.0,38120.0
9,5,Kelly Osbourne,159660.0,54486.0
9,6,Melissa Joan Hart,87141.0,7217.0
9,6,Mark Dacascos,166942.0,12741.0
9,6,Louie Vito,138394.0,4894.0
9,6,Michael Irvin,238967.0,33985.0
9,6,Joanna Krupa,236590.0,50970.0
9,6,Aaron Carter,290808.0,39740.0
9,6,Mya,261062.0,70436.0
9,6,Donny Osmond,162161.0,29138.0
9,6,Kelly Osbourne,277312.0,61106.0
9,7,Mark Dacascos,222243.0,12891.0
9,7,Michael Irvin,126563.0,7728.0
9,7,Joanna Krupa,392987.0,57049.0
9,7,Aaron Carter,354165.0,20161.0
9,7,Mya,339051.0,102310.0
9,7,Donny Osmond,281786.0,10966.0
9,7,Kelly Osbourne,390193.0,42263.0
9,8,Joanna Krupa,536846.0,14648.0
9,8,Aaron Carter,266984.0,8307.0
9,8,Mya,451088.0,9185.0
9,8,Donny Osmond,415471.0,15741.0
9,8,Kelly Osbourne,603226.0,27086.0
9,10,Mya,1071720.0,252226.0
9,10,Donny Osmond,1340881.0,164096.0
9,10,Kelly Osbourne,706476.0,119029.0
10,1,Aiden Turner,88659.0,31068.0
10,1,Shannen Doherty,90722.0,29742.0
10,1,Niecy Nash,92047.0,32969.0
10,1,Buzz Aldrin,86961.0,31085.0
10,1,Chad Ochocinco,92187.0,31338.0
10,1,Evan Lysacek,95327.0,31655.0
10,1,Pamela Anderson,92868.0,30420.0
10,1,Nicole Scherzinger,94943.0,31007.0
10,1,Erin Andrews,92906.0,32346.0
10,1,Kate Gosselin,89311.0,30987.0
10,1,Jake Pavelka,94110.0,31319.0
10,2,Aiden Turner,99916.0,28115.0
10,2,Shannen Doherty,27968.0,3257.0
10,2,Niecy Nash,102002.0,40934.0
10,2,Buzz Aldrin,115862.0,25974.0
10,2,Chad Ochocinco,114017.0,32997.0
10,2,Evan Lysacek,91456.0,19245.0
10,2,Pamela Anderson,81699.0,30896.0
10,2,Nicole Scherzinger,79298.0,18829.0
10,2,Erin Andrews,86090.0,15471.0
10,2,Kate Gosselin,108059.0,35148.0
10,2,Jake Pavelka,101316.0,28525.0
10,3,Aiden Turner,120972.0,34076.0
10,3,Niecy Nash,144869.0,51923.0
10,3,Buzz Aldrin,61556.0,3285.0
10,3,Chad Ochocinco,116760.0,31937.0
10,3,Evan Lysacek,98796.0,20450.0
10,3,Pamela Anderson,79736.0,30834.0
10,3,Nicole Scherzinger,78318.0,18754.0
10,3,Erin Andrews,93477.0,15371.0
10,3,Kate Gosselin,146810.0,39023.0
10,3,Jake Pavelka,103930.0,22618.0
10,4,Aiden Turner,63364.0,5214.0
10,4,Niecy Nash,187545.0,61316.0
10,4,Chad Ochocinco,134599.0,18911.0
10,4,Evan Lysacek,95595.0,10790.0
10,4,Pamela Anderson,93487.0,18867.0
10,4,Nicole Scherzinger,121769.0,20595.0
10,4,Erin Andrews,120062.0,11007.0
10,4,Kate Gosselin,222533.0,48745.0
10,4,Jake Pavelka,157301.0,17003.0
10,6,Niecy Nash,292076.0,75348.0
10,6,Chad Ochocinco,283977.0,71418.0
10,6,Evan Lysacek,288455.0,69277.0
10,6,Pamela Anderson,295546.0,77732.0
10,6,Nicole Scherzinger,301639.0,84257.0
10,6,Erin Andrews,300479.0,83503.0
10,6,Jake Pavelka,130273.0,4380.0
10,7,Niecy Nash,392661.0,80088.0
10,7,Chad Ochocinco,378767.0,72905.0
10,7,Evan Lysacek,437715.0,88685.0
10,7,Pamela Anderson,170704.0,2262.0
10,7,Nicole Scherzinger,406366.0,105152.0
10,7,Erin Andrews,397259.0,84104.0
10,8,Niecy Nash,293240.0,2822.0
10,8,Chad Ochocinco,456545.0,70100.0
10,8,Evan Lysacek,543949.0,112865.0
10,8,Nicole Scherzinger,569018.0,133096.0
10,8,Erin Andrews,471290.0,95115.0
10,9,Chad Ochocinco,512849.0,13923.0
10,9,Evan Lysacek,901390.0,199773.0
10,9,Nicole Scherzinger,879847.0,137676.0
10,9,Erin Andrews,782168.0,92280.0
10,10,Evan Lysacek,1118942.0,238491.0
10,10,Nicole Scherzinger,1231383.0,116872.0
10,10,Erin Andrews,799341.0,53234.0
11,1,David Hasselhoff,32067.0,4158.0
11,1,Florence Henderson,85252.0,28417.0
11,1,Kyle Massey,86438.0,28846.0
11,1,Jennifer Grey,90044.0,32227.0
11,1,Rick Fox,83169.0,26881.0
11,1,Kurt Warner,87967.0,31335.0
11,1,Margaret Cho,87832.0,26689.0
11,1,Michael Bolton,85568.0,27921.0
11,1,Brandy,86393.0,30101.0
11,1,The Situation,89184.0,25781.0
11,1,Audrina Patridge,90469.0,29031.0
11,1,Bristol Palin,86244.0,31971.0
11,2,Florence Henderson,93225.0,32925.0
11,2,Kyle Massey,91577.0,27834.0
11,2,Jennifer Grey,95785.0,36137.0
11,2,Rick Fox,91446.0,29915.0
11,2,Kurt Warner,100812.0,35778.0
11,2,Margaret Cho,94274.0,25907.0
11,2,Michael Bolton,50156.0,1859.0
11,2,Brandy,96015.0,34586.0
11,2,The Situation,103798.0,28193.0
11,2,Audrina Patridge,98893.0,33612.0
11,2,Bristol Palin,93906.0,33005.0
11,3,Florence Henderson,117015.0,35972.0
11,3,Kyle Massey,105897.0,32997.0
11,3,Jennifer Grey,113958.0,41219.0
11,3,Rick Fox,99514.0,30625.0
11,3,Kurt Warner,103071.0,34638.0
11,3,Margaret Cho,44932.0,4318.0
11,3,Brandy,108042.0,37168.0
11,3,The Situation,120789.0,28717.0
11,3,Audrina Patridge,120031.0,38048.0
11,3,Bristol Palin,120404.0,34350.0
11,4,Florence Henderson,146635.0,42732.0
11,4,Kyle Massey,111754.0,32841.0
11,4,Jennifer Grey,149903.0,54209.0
11,4,Rick Fox,118560.0,37973.0
11,4,Kurt Warner,122883.0,28560.0
11,4,Brandy,138210.0,37515.0
11,4,The Situation,71841.0,4855.0
11,4,Audrina Patridge,171106.0,54038.0
11,4,Bristol Palin,170559.0,31350.0
11,5,Florence Henderson,76474.0,3106.0
11,5,Kyle Massey,234792.0,46127.0
11,5,Jennifer Grey,187994.0,17562.0
11,5,Rick Fox,158673.0,36158.0
11,5,Kurt Warner,201067.0,44944.0
11,5,Brandy,259678.0,47006.0
11,5,Audrina Patridge,167410.0,16135.0
11,5,Bristol Palin,204619.0,31995.0
11,6,Kyle Massey,325292.0,14324.0
11,6,Jennifer Grey,273659.0,6826.0
11,6,Rick Fox,267711.0,14239.0
11,6,Kurt Warner,314209.0,8325.0
11,6,Brandy,310578.0,11365.0
11,6,Audrina Patridge,105890.0,3073.0
11,6,Bristol Palin,259056.0,8480.0
11,7,Kyle Massey,406546.0,23552.0
11,7,Jennifer Grey,387294.0,12048.0
11,7,Rick Fox,167081.0,7550.0
11,7,Kurt Warner,423401.0,18702.0
11,7,Brandy,394479.0,15176.0
11,7,Bristol Palin,343944.0,11364.0
11,8,Kyle Massey,434039.0,24458.0
11,8,Jennifer Grey,413238.0,12633.0
11,8,Kurt Warner,280969.0,9623.0
11,8,Brandy,421503.0,15840.0
11,8,Bristol Palin,366302.0,11764.0
11,10,Kyle Massey,1074782.0,258407.0
11,10,Jennifer Grey,1335923.0,179027.0
11,10,Bristol Palin,714317.0,104300.0
12,1,Ralph Macchio,95481.0,32898.0
12,1,Chelsea Kane,92953.0,30941.0
12,1,Kirstie Alley,95326.0,30787.0
12,1,Hines Ward,93686.0,31092.0
12,1,Sugar Ray Leonard,90714.0,32243.0
12,1,Chris Jericho,89610.0,28575.0
12,1,Petra Nemcova,92534.0,31788.0
12,1,Mike Catherwood,90216.0,32598.0
12,1,Romeo,90225.0,32244.0
12,1,Wendy Williams,87952.0,29686.0
12,1,Kendra Wilkinson,91341.0,31183.0
12,2,Ralph Macchio,99109.0,30705.0
12,2,Chelsea Kane,96203.0,29388.0
12,2,Kirstie Alley,89174.0,23422.0
12,2,Hines Ward,97272.0,28918.0
12,2,Sugar Ray Leonard,103641.0,34089.0
12,2,Chris Jericho,95687.0,33125.0
12,2,Petra Nemcova,94860.0,26130.0
12,2,Mike Catherwood,31963.0,4878.0
12,2,Romeo,96239.0,34418.0
12,2,Wendy Williams,103106.0,32701.0
12,2,Kendra Wilkinson,94306.0,30863.0
12,3,Ralph Macchio,116042.0,40259.0
12,3,Chelsea Kane,116556.0,36563.0
12,3,Kirstie Alley,104688.0,22003.0
12,3,Hines Ward,101080.0,30992.0
12,3,Sugar Ray Leonard,117165.0,44170.0
12,3,Chris Jericho,103237.0,34403.0
12,3,Petra Nemcova,119097.0,30625.0
12,3,Romeo,111821.0,35681.0
12,3,Wendy Williams,51702.0,2114.0
12,3,Kendra Wilkinson,116649.0,35521.0
12,4,Ralph Macchio,204086.0,76035.0
12,4,Chelsea Kane,133250.0,17166.0
12,4,Kirstie Alley,128514.0,15618.0
12,4,Hines Ward,135007.0,31771.0
12,4,Sugar Ray Leonard,49431.0,5279.0
12,4,Chris Jericho,113538.0,29113.0
12,4,Petra Nemcova,156684.0,18943.0
12,4,Romeo,128462.0,34765.0
12,4,Kendra Wilkinson,155407.0,38553.0
12,5,Ralph Macchio,222110.0,21002.0
12,5,Chelsea Kane,172661.0,11409.0
12,5,Kirstie Alley,154158.0,14598.0
12,5,Hines Ward,200809.0,19279.0
12,5,Chris Jericho,176060.0,20594.0
12,5,Petra Nemcova,79619.0,2480.0
12,5,Romeo,209472.0,9928.0
12,5,Kendra Wilkinson,258168.0,17813.0
12,6,Ralph Macchio,316450.0,36028.0
12,6,Chelsea Kane,229532.0,18601.0
12,6,Kirstie Alley,236418.0,18181.0
12,6,Hines Ward,274870.0,25603.0
12,6,Chris Jericho,134284.0,10492.0
12,6,Romeo,306786.0,12934.0
12,6,Kendra Wilkinson,367503.0,24429.0
12,8,Ralph Macchio,521511.0,99393.0
12,8,Chelsea Kane,526744.0,107460.0
12,8,Kirstie Alley,510480.0,109004.0
12,8,Hines Ward,522274.0,104383.0
12,8,Romeo,236639.0,9662.0
12,9,Ralph Macchio,544078.0,39454.0
12,9,Chelsea Kane,888862.0,186302.0
12,9,Kirstie Alley,819988.0,145212.0
12,9,Hines Ward,838557.0,144784.0
12,10,Chelsea Kane,722790.0,63930.0
12,10,Kirstie Alley,1129052.0,202740.0
12,10,Hines Ward,1255954.0,113378.0
13,1,Elisabetta Canalis,85557.0,26756.0
13,1,David Arquette,85674.0,26815.0
13,1,Ricki Lake,85311.0,28378.0
13,1,J.R. Martinez,87110.0,27534.0
13,1,Metta World Peace (Ron),34093.0,1010.0
13,1,Hope Solo,87274.0,33187.0
13,1,Chynna Phillips,89022.0,30995.0
13,1,Kristin Cavallari,85732.0,29056.0
13,1,Carson Kressley,82320.0,25810.0
13,1,Chaz Bono,85684.0,26579.0
13,1,Nancy Grace,92625.0,31709.0
13,1,Rob Kardashian,89447.0,29473.0
13,2,Elisabetta Canalis,24480.0,3565.0
13,2,David Arquette,95127.0,17491.0
13,2,Ricki Lake,89696.0,9087.0
13,2,J.R. Martinez,94763.0,33319.0
13,2,Hope Solo,95025.0,21556.0
13,2,Chynna Phillips,103945.0,21245.0
13,2,Kristin Cavallari,97007.0,10934.0
13,2,Carson Kressley,97182.0,14535.0
13,2,Chaz Bono,92314.0,14836.0
13,2,Nancy Grace,109335.0,17436.0
13,2,Rob Kardashian,99869.0,12129.0
13,4,David Arquette,149320.0,44263.0
13,4,Ricki Lake,142337.0,39758.0
13,4,J.R. Martinez,133926.0,41243.0
13,4,Hope Solo,145436.0,44640.0
13,4,Chynna Phillips,51621.0,7176.0
13,4,Carson Kressley,151439.0,42520.0
13,4,Chaz Bono,142571.0,46815.0
13,4,Nancy Grace,142975.0,37015.0
13,4,Rob Kardashian,143638.0,39109.0
13,5,David Arquette,221146.0,52714.0
13,5,Ricki Lake,193489.0,49072.0
13,5,J.R. Martinez,182039.0,39095.0
13,5,Hope Solo,197828.0,52552.0
13,5,Carson Kressley,93269.0,8587.0
13,5,Chaz Bono,201850.0,52540.0
13,5,Nancy Grace,201921.0,57496.0
13,5,Rob Kardashian,200044.0,53448.0
13,6,David Arquette,288883.0,60779.0
13,6,Ricki Lake,319478.0,64955.0
13,6,J.R. Martinez,264464.0,53919.0
13,6,Hope Solo,278185.0,45005.0
13,6,Chaz Bono,147806.0,1953.0
13,6,Nancy Grace,283964.0,80612.0
13,6,Rob Kardashian,305541.0,46572.0
13,7,David Arquette,184235.0,21257.0
13,7,Ricki Lake,445564.0,58582.0
13,7,J.R. Martinez,376051.0,26571.0
13,7,Hope Solo,407159.0,40219.0
13,7,Nancy Grace,352542.0,56812.0
13,7,Rob Kardashian,398350.0,61968.0
13,8,Ricki Lake,548824.0,61207.0
13,8,J.R. Martinez,484696.0,34554.0
13,8,Hope Solo,496040.0,41426.0
13,8,Nancy Grace,288972.0,5240.0
13,8,Rob Kardashian,473904.0,58587.0
13,9,Ricki Lake,1004562.0,132802.0
13,9,J.R. Martinez,686755.0,71259.0
13,9,Hope Solo,617340.0,3211.0
13,9,Rob Kardashian,823897.0,65618.0
13,10,Ricki Lake,869087.0,87461.0
13,10,J.R. Martinez,1132983.0,30942.0
13,10,Rob Kardashian,1063376.0,87964.0
14,1,William Levy,84350.0,28796.0
14,1,Jack Wagner,84832.0,29938.0
14,1,Sherri Sheperd,86218.0,30056.0
14,1,Jaleel White,84841.0,26816.0
14,1,Roshon Fegan,83572.0,29763.0
14,1,Melissa Gilbert,83682.0,27461.0
14,1,Martina Navratilova,81294.0,28434.0
14,1,Donald Driver,84179.0,30080.0
14,1,Gavin DeGraw,83144.0,28745.0
14,1,Gladys Knight,83332.0,28809.0
14,1,Katherine Jenkins,85106.0,29103.0
14,1,Maria Menounos,85490.0,30990.0
14,2,William Levy,88727.0,27715.0
14,2,Jack Wagner,84562.0,26022.0
14,2,Sherri Sheperd,87924.0,30780.0
14,2,Jaleel White,86906.0,28298.0
14,2,Roshon Fegan,85610.0,29867.0
14,2,Melissa Gilbert,90629.0,28055.0
14,2,Martina Navratilova,35016.0,1030.0
14,2,Donald Driver,92598.0,29240.0
14,2,Gavin DeGraw,91320.0,29140.0
14,2,Gladys Knight,88419.0,28506.0
14,2,Katherine Jenkins,85722.0,28052.0
14,2,Maria Menounos,91842.0,31921.0
14,3,William Levy,96041.0,29780.0
14,3,Jack Wagner,27763.0,4323.0
14,3,Sherri Sheperd,101897.0,22485.0
14,3,Jaleel White,111450.0,40991.0
14,3,Roshon Fegan,87300.0,26897.0
14,3,Melissa Gilbert,114266.0,34522.0
14,3,Donald Driver,102791.0,33283.0
14,3,Gavin DeGraw,108235.0,23627.0
14,3,Gladys Knight,105464.0,29250.0
14,3,Katherine Jenkins,86209.0,29494.0
14,3,Maria Menounos,109873.0,33380.0
14,4,William Levy,122387.0,39026.0
14,4,Sherri Sheperd,42825.0,5382.0
14,4,Jaleel White,149325.0,76459.0
14,4,Roshon Fegan,98327.0,28938.0
14,4,Melissa Gilbert,141307.0,38379.0
14,4,Donald Driver,140445.0,26231.0
14,4,Gavin DeGraw,136192.0,38581.0
14,4,Gladys Knight,138956.0,33286.0
14,4,Katherine Jenkins,106080.0,43505.0
14,4,Maria Menounos,118385.0,36626.0
14,5,William Levy,222733.0,43663.0
14,5,Jaleel White,172433.0,83216.0
14,5,Roshon Fegan,128181.0,51668.0
14,5,Melissa Gilbert,157370.0,25902.0
14,5,Donald Driver,201283.0,37104.0
14,5,Gavin DeGraw,83378.0,1547.0
14,5,Gladys Knight,182977.0,28947.0
14,5,Katherine Jenkins,192857.0,61166.0
14,5,Maria Menounos,170632.0,68834.0
14,6,William Levy,277642.0,31168.0
14,6,Jaleel White,253177.0,118938.0
14,6,Roshon Fegan,236259.0,74286.0
14,6,Melissa Gilbert,251875.0,41893.0
14,6,Donald Driver,234976.0,29118.0
14,6,Gladys Knight,131751.0,11368.0
14,6,Katherine Jenkins,215240.0,58621.0
14,6,Maria Menounos,293942.0,111985.0
14,7,William Levy,386876.0,22542.0
14,7,Jaleel White,134994.0,5707.0
14,7,Roshon Fegan,416222.0,37076.0
14,7,Melissa Gilbert,288386.0,30230.0
14,7,Donald Driver,283088.0,14301.0
14,7,Katherine Jenkins,345635.0,24427.0
14,7,Maria Menounos,310502.0,24975.0
14,9,William Levy,881586.0,161634.0
14,9,Donald Driver,867873.0,178103.0
14,9,Katherine Jenkins,913079.0,160708.0
14,9,Maria Menounos,424273.0,31887.0
14,10,William Levy,758777.0,42065.0
14,10,Donald Driver,1296334.0,104157.0
14,10,Katherine Jenkins,1110346.0,195255.0
15,1,Gilles Marini,80464.0,27188.0
15,1,Sabrina Bryan,76442.0,26672.0
15,1,Kirstie Alley,77970.0,24066.0
15,1,Kelly Monaco,85966.0,29706.0
15,1,Apolo Anton Ohno,80053.0,28857.0
15,1,Emmitt Smith,84267.0,31614.0
15,1,Shawn Johnson,80315.0,31135.0
15,1,Pamela Anderson,28250.0,3850.0
15,1,Helio Castroneves,75349.0,24708.0
15,1,Joey Fatone,81731.0,28159.0
15,1,Drew Lachey,79628.0,27428.0
15,1,Bristol Palin,77153.0,26423.0
15,1,Melissa Rycroft,82680.0,30431.0
15,2,Gilles Marini,81166.0,18162.0
15,2,Sabrina Bryan,79604.0,16269.0
15,2,Kirstie Alley,82381.0,15416.0
15,2,Kelly Monaco,81162.0,25751.0
15,2,Apolo Anton Ohno,99472.0,40854.0
15,2,Emmitt Smith,91895.0,29603.0
15,2,Shawn Johnson,102842.0,38626.0
15,2,Helio Castroneves,91753.0,23962.0
15,2,Joey Fatone,23467.0,2783.0
15,2,Drew Lachey,68030.0,19610.0
15,2,Bristol Palin,115158.0,28673.0
15,2,Melissa Rycroft,84624.0,20376.0
15,3,Gilles Marini,121611.0,7327.0
15,3,Sabrina Bryan,75152.0,3118.0
15,3,Kirstie Alley,89087.0,3821.0
15,3,Kelly Monaco,66114.0,3350.0
15,3,Apolo Anton Ohno,183687.0,9652.0
15,3,Emmitt Smith,97082.0,6129.0
15,3,Shawn Johnson,104137.0,6167.0
15,3,Helio Castroneves,40992.0,1180.0
15,3,Drew Lachey,29932.0,1301.0
15,3,Bristol Palin,117206.0,4470.0
15,3,Melissa Rycroft,110824.0,4145.0
15,5,Gilles Marini,189391.0,57871.0
15,5,Sabrina Bryan,199889.0,60093.0
15,5,Kirstie Alley,188133.0,59297.0
15,5,Kelly Monaco,187092.0,58952.0
15,5,Apolo Anton Ohno,196740.0,62203.0
15,5,Emmitt Smith,192846.0,57577.0
15,5,Shawn Johnson,197514.0,58377.0
15,5,Melissa Rycroft,195259.0,58484.0
15,6,Gilles Marini,265251.0,56589.0
15,6,Sabrina Bryan,79254.0,7689.0
15,6,Kirstie Alley,273368.0,61799.0
15,6,Kelly Monaco,231657.0,40721.0
15,6,Apolo Anton Ohno,246025.0,53742.0
15,6,Emmitt Smith,253267.0,51927.0
15,6,Shawn Johnson,282272.0,55349.0
15,6,Melissa Rycroft,252395.0,56935.0
15,7,Gilles Marini,334654.0,68977.0
15,7,Kirstie Alley,313218.0,71830.0
15,7,Kelly Monaco,301014.0,58783.0
15,7,Apolo Anton Ohno,296124.0,65467.0
15,7,Emmitt Smith,329645.0,58625.0
15,7,Shawn Johnson,357580.0,66920.0
15,7,Melissa Rycroft,329461.0,72255.0
15,8,Gilles Marini,200565.0,9371.0
15,8,Kirstie Alley,150569.0,5738.0
15,8,Kelly Monaco,352703.0,9597.0
15,8,Apolo Anton Ohno,330291.0,27028.0
15,8,Emmitt Smith,310863.0,9766.0
15,8,Shawn Johnson,424972.0,12952.0
15,8,Melissa Rycroft,405462.0,39213.0
15,9,Kelly Monaco,644476.0,11103.0
15,9,Apolo Anton Ohno,346639.0,5241.0
15,9,Emmitt Smith,541917.0,21448.0
15,9,Shawn Johnson,732735.0,22045.0
15,9,Melissa Rycroft,699398.0,29501.0
15,10,Kelly Monaco,858069.0,14072.0
15,10,Shawn Johnson,1084415.0,31599.0
15,10,Melissa Rycroft,1101977.0,26291.0
16,1,Ingo Rademacher,84983.0,30962.0
16,1,Zendaya,88146.0,29336.0
16,1,Dorothy Hamill,84603.0,28256.0
16,1,Victor Ortiz,83946.0,29142.0
16,1,Alexandra Raisman,84461.0,28248.0
16,1,Jacoby Jones,85326.0,29796.0
16,1,D. L. Hughley,78391.0,29885.0
16,1,Andy Dick,83478.0,29681.0
16,1,Wynonna Judd,83282.0,28838.0
16,1,Kellie Pickler,86515.0,28321.0
16,1,Lisa Vanderpump,81503.0,27030.0
16,1,Sean Lowe,85405.0,30257.0
16,2,Ingo Rademacher,85709.0,30017.0
16,2,Zendaya,90566.0,31365.0
16,2,Dorothy Hamill,35029.0,4875.0
16,2,Victor Ortiz,82643.0,26247.0
16,2,Alexandra Raisman,84943.0,28423.0
16,2,Jacoby Jones,91070.0,30734.0
16,2,D. L. Hughley,90239.0,29682.0
16,2,Andy Dick,90985.0,33090.0
16,2,Wynonna Judd,89707.0,29123.0
16,2,Kellie Pickler,97741.0,37905.0
16,2,Lisa Vanderpump,83093.0,26687.0
16,2,Sean Lowe,86912.0,30880.0
16,3,Ingo Rademacher,100886.0,33420.0
16,3,Zendaya,100432.0,32499.0
16,3,Victor Ortiz,95629.0,31206.0
16,3,Alexandra Raisman,94464.0,26003.0
16,3,Jacoby Jones,105645.0,32963.0
16,3,D. L. Hughley,105396.0,33108.0
16,3,Andy Dick,105584.0,35562.0
16,3,Wynonna Judd,44985.0,1356.0
16,3,Kellie Pickler,113864.0,47481.0
16,3,Lisa Vanderpump,99484.0,31730.0
16,3,Sean Lowe,94505.0,32617.0
16,4,Ingo Rademacher,126652.0,39334.0
16,4,Zendaya,127273.0,47282.0
16,4,Victor Ortiz,123011.0,34915.0
16,4,Alexandra Raisman,121940.0,31683.0
16,4,Jacoby Jones,125162.0,39779.0
16,4,D. L. Hughley,129060.0,40705.0
16,4,Andy Dick,120396.0,32442.0
16,4,Kellie Pickler,163434.0,64890.0
16,4,Lisa Vanderpump,52781.0,5974.0
16,4,Sean Lowe,117137.0,25312.0
16,5,Ingo Rademacher,179640.0,37699.0
16,5,Zendaya,223746.0,85704.0
16,5,Victor Ortiz,178308.0,40683.0
16,5,Alexandra Raisman,163435.0,45820.0
16,5,Jacoby Jones,176399.0,55270.0
16,5,D. L. Hughley,82226.0,8182.0
16,5,Andy Dick,148583.0,25113.0
16,5,Kellie Pickler,205569.0,67142.0
16,5,Sean Lowe,145651.0,38186.0
16,6,Ingo Rademacher,231008.0,59583.0
16,6,Zendaya,244113.0,40706.0
16,6,Victor Ortiz,108332.0,11531.0
16,6,Alexandra Raisman,282916.0,59746.0
16,6,Jacoby Jones,223790.0,31469.0
16,6,Andy Dick,226138.0,39282.0
16,6,Kellie Pickler,280429.0,99358.0
16,6,Sean Lowe,266112.0,31381.0
16,7,Ingo Rademacher,292611.0,75281.0
16,7,Zendaya,337234.0,52096.0
16,7,Alexandra Raisman,388020.0,72082.0
16,7,Jacoby Jones,302640.0,42794.0
16,7,Andy Dick,188245.0,12847.0
16,7,Kellie Pickler,357368.0,113820.0
16,7,Sean Lowe,327014.0,35459.0
16,8,Ingo Rademacher,385534.0,101092.0
16,8,Zendaya,448755.0,76254.0
16,8,Alexandra Raisman,461624.0,87676.0
16,8,Jacoby Jones,358417.0,47589.0
16,8,Kellie Pickler,410002.0,81323.0
16,8,Sean Lowe,236668.0,11846.0
16,9,Ingo Rademacher,386676.0,18230.0
16,9,Zendaya,714852.0,109149.0
16,9,Alexandra Raisman,780059.0,72448.0
16,9,Jacoby Jones,585409.0,89448.0
16,9,Kellie Pickler,630831.0,118073.0
16,10,Zendaya,718740.0,111456.0
16,10,Alexandra Raisman,783261.0,75752.0
16,10,Jacoby Jones,569893.0,79010.0
16,10,Kellie Pickler,639264.0,121053.0
17,1,Valerie Harper,84761.0,30253.0
17,1,Brant Daugherty,85767.0,29264.0
17,1,Elizabeth Berkley Lauren,84252.0,28166.0
17,1,Leah Remini,82568.0,27089.0
17,1,Corbin Bleu,84488.0,27640.0
17,1,Amber Riley,87089.0,28159.0
17,1,Keyshawn Johnson,82300.0,27880.0
17,1,Bill Engvall,82900.0,28848.0
17,1,Christina Milian,85577.0,29320.0
17,1,"Nicole ""Snooki"" Polizzi",83896.0,27923.0
17,1,Jack Osbourne,85545.0,29689.0
17,1,Bill Nye,80896.0,28053.0
17,2,Valerie Harper,90868.0,28241.0
17,2,Brant Daugherty,91927.0,33907.0
17,2,Elizabeth Berkley Lauren,86791.0,31495.0
17,2,Leah Remini,90485.0,29000.0
17,2,Corbin Bleu,78435.0,19571.0
17,2,Amber Riley,88208.0,29758.0
17,2,Keyshawn Johnson,32336.0,4869.0
17,2,Bill Engvall,88605.0,26897.0
17,2,Christina Milian,89144.0,30258.0
17,2,"Nicole ""Snooki"" Polizzi",85386.0,25816.0
17,2,Jack Osbourne,87074.0,27844.0
17,2,Bill Nye,97384.0,28632.0
17,3,Valerie Harper,122334.0,26794.0
17,3,Brant Daugherty,104022.0,32498.0
17,3,Elizabeth Berkley Lauren,114775.0,39306.0
17,3,Leah Remini,93949.0,25763.0
17,3,Corbin Bleu,91445.0,22513.0
17,3,Amber Riley,93395.0,29048.0
17,3,Bill Engvall,102753.0,35697.0
17,3,Christina Milian,107777.0,40060.0
17,3,"Nicole ""Snooki"" Polizzi",89808.0,20260.0
17,3,Jack Osbourne,90350.0,25117.0
17,3,Bill Nye,49869.0,5814.0
17,4,Valerie Harper,55219.0,6894.0
17,4,Brant Daugherty,114429.0,26491.0
17,4,Elizabeth Berkley Lauren,143993.0,62005.0
17,4,Leah Remini,123492.0,12170.0
17,4,Corbin Bleu,116917.0,16700.0
17,4,Amber Riley,122179.0,21080.0
17,4,Bill Engvall,133824.0,10205.0
17,4,Christina Milian,149026.0,45914.0
17,4,"Nicole ""Snooki"" Polizzi",135323.0,28437.0
17,4,Jack Osbourne,105841.0,24517.0
17,5,Brant Daugherty,114576.0,4748.0
17,5,Elizabeth Berkley Lauren,285263.0,17021.0
17,5,Leah Remini,171812.0,11704.0
17,5,Corbin Bleu,145463.0,9541.0
17,5,Amber Riley,134984.0,6242.0
17,5,Bill Engvall,184704.0,9868.0
17,5,Christina Milian,48831.0,2324.0
17,5,"Nicole ""Snooki"" Polizzi",234756.0,7770.0
17,5,Jack Osbourne,172936.0,8410.0
17,6,Brant Daugherty,157061.0,8588.0
17,6,Elizabeth Berkley Lauren,382174.0,24114.0
17,6,Leah Remini,238102.0,16734.0
17,6,Corbin Bleu,190977.0,12923.0
17,6,Amber Riley,202014.0,9406.0
17,6,Bill Engvall,239773.0,13843.0
17,6,"Nicole ""Snooki"" Polizzi",317495.0,13298.0
17,6,Jack Osbourne,225539.0,12974.0
17,8,Brant Daugherty,135650.0,18340.0
17,8,Elizabeth Berkley Lauren,345215.0,78840.0
17,8,Leah Remini,363811.0,69282.0
17,8,Corbin Bleu,359414.0,79592.0
17,8,Amber Riley,364672.0,64557.0
17,8,Bill Engvall,387191.0,87021.0
17,8,Jack Osbourne,368523.0,84100.0
17,9,Elizabeth Berkley Lauren,230845.0,20288.0
17,9,Leah Remini,501398.0,26372.0
17,9,Corbin Bleu,544103.0,58660.0
17,9,Amber Riley,480126.0,45479.0
17,9,Bill Engvall,710025.0,40674.0
17,9,Jack Osbourne,614511.0,73812.0
17,10,Leah Remini,380788.0,14538.0
17,10,Corbin Bleu,619672.0,71379.0
17,10,Amber Riley,558030.0,75703.0
17,10,Bill Engvall,798276.0,43325.0
17,10,Jack Osbourne,714275.0,73559.0
18,1,Billy Dee Williams,80561.0,29443.0
18,1,Danica McKellar,84737.0,27115.0
18,1,James Maslow,81376.0,25880.0
18,1,Candace Cameron Bure,86710.0,28925.0
18,1,Sean Avery,80915.0,30169.0
18,1,Diana Nyad,83193.0,28499.0
18,1,Charlie White,87875.0,28335.0
18,1,Amy Purdy,87562.0,31067.0
18,1,Meryl Davis,87653.0,30301.0
18,1,Drew Carey,83441.0,28657.0
18,1,Cody Simpson,84239.0,30208.0
18,1,NeNe Leakes,81777.0,27216.0
18,2,Billy Dee Williams,52876.0,7772.0
18,2,Danica McKellar,96409.0,28504.0
18,2,James Maslow,91056.0,24130.0
18,2,Candace Cameron Bure,100587.0,27563.0
18,2,Sean Avery,25461.0,3908.0
18,2,Charlie White,102362.0,29297.0
18,2,Amy Purdy,102753.0,32720.0
18,2,Meryl Davis,104061.0,39335.0
18,2,Drew Carey,104592.0,32732.0
18,2,Cody Simpson,98823.0,31127.0
18,2,NeNe Leakes,103032.0,29899.0
18,3,Danica McKellar,116134.0,30588.0
18,3,James Maslow,108439.0,28644.0
18,3,Candace Cameron Bure,122786.0,33477.0
18,3,Charlie White,122255.0,33637.0
18,3,Amy Purdy,122250.0,37089.0
18,3,Meryl Davis,131103.0,44112.0
18,3,Drew Carey,122530.0,37345.0
18,3,Cody Simpson,119062.0,34706.0
18,3,NeNe Leakes,123247.0,36077.0
18,4,Danica McKellar,131557.0,35949.0
18,4,James Maslow,125049.0,31827.0
18,4,Candace Cameron Bure,139396.0,38610.0
18,4,Charlie White,138446.0,37201.0
18,4,Amy Purdy,136798.0,41933.0
18,4,Meryl Davis,150385.0,49034.0
18,4,Drew Carey,141457.0,43847.0
18,4,Cody Simpson,130205.0,37050.0
18,4,NeNe Leakes,145010.0,43607.0
18,5,Danica McKellar,159543.0,23692.0
18,5,James Maslow,165972.0,29931.0
18,5,Candace Cameron Bure,166362.0,42681.0
18,5,Charlie White,217790.0,52382.0
18,5,Amy Purdy,179352.0,57516.0
18,5,Meryl Davis,146574.0,61185.0
18,5,Drew Carey,217986.0,67104.0
18,5,Cody Simpson,57296.0,8900.0
18,5,NeNe Leakes,186638.0,62131.0
18,6,Danica McKellar,217640.0,18306.0
18,6,James Maslow,212497.0,15535.0
18,6,Candace Cameron Bure,295637.0,35164.0
18,6,Charlie White,245953.0,27907.0
18,6,Amy Purdy,359887.0,42541.0
18,6,Meryl Davis,184081.0,82436.0
18,6,Drew Carey,96706.0,5456.0
18,6,NeNe Leakes,249156.0,16605.0
18,8,Danica McKellar,172176.0,2412.0
18,8,James Maslow,426892.0,77864.0
18,8,Candace Cameron Bure,417558.0,82553.0
18,8,Charlie White,428537.0,95801.0
18,8,Amy Purdy,447748.0,85411.0
18,8,Meryl Davis,430999.0,81825.0
18,9,James Maslow,672697.0,90341.0
18,9,Candace Cameron Bure,684218.0,90324.0
18,9,Charlie White,336673.0,3211.0
18,9,Amy Purdy,680989.0,90593.0
18,9,Meryl Davis,693242.0,104883.0
18,10,James Maslow,649014.0,52368.0
18,10,Candace Cameron Bure,737203.0,19694.0
18,10,Amy Purdy,856343.0,51870.0
18,10,Meryl Davis,807787.0,58058.0
19,1,Antonio Sabato Jr.,77975.0,24422.0
19,1,Jonathan Bennett,79245.0,28566.0
19,1,Lea Thompson,77407.0,25268.0
19,1,Janel Parrish,82898.0,30131.0
19,1,Alfonso Ribeiro,81051.0,29099.0
19,1,Lolo Jones,30215.0,1010.0
19,1,Randy Couture,81709.0,31589.0
19,1,Tommy Chong,80247.0,27231.0
19,1,Betsey Johnson,85504.0,25940.0
19,1,Michael Waltrip,79579.0,27373.0
19,1,Tavis Smiley,78295.0,29373.0
19,1,Bethany Mota,78786.0,30068.0
19,1,Sadie Robertson,79136.0,29033.0
19,2,Antonio Sabato Jr.,85665.0,28161.0
19,2,Jonathan Bennett,84532.0,23926.0
19,2,Lea Thompson,77860.0,22356.0
19,2,Janel Parrish,85681.0,29852.0
19,2,Alfonso Ribeiro,83303.0,32521.0
19,2,Randy Couture,105618.0,41046.0
19,2,Tommy Chong,104534.0,42682.0
19,2,Betsey Johnson,95978.0,35921.0
19,2,Michael Waltrip,91890.0,24510.0
19,2,Tavis Smiley,24609.0,3785.0
19,2,Bethany Mota,71312.0,22839.0
19,2,Sadie Robertson,92280.0,28593.0
19,3,Antonio Sabato Jr.,93986.0,29702.0
19,3,Jonathan Bennett,81584.0,17690.0
19,3,Lea Thompson,109712.0,28046.0
19,3,Janel Parrish,95980.0,32576.0
19,3,Alfonso Ribeiro,97140.0,31099.0
19,3,Randy Couture,37124.0,4277.0
19,3,Tommy Chong,137956.0,43376.0
19,3,Betsey Johnson,93599.0,27781.0
19,3,Michael Waltrip,109056.0,16386.0
19,3,Bethany Mota,99792.0,35837.0
19,3,Sadie Robertson,88841.0,33626.0
19,4,Antonio Sabato Jr.,103156.0,32873.0
19,4,Jonathan Bennett,90056.0,18877.0
19,4,Lea Thompson,123107.0,29805.0
19,4,Janel Parrish,103315.0,36442.0
19,4,Alfonso Ribeiro,104599.0,33227.0
19,4,Tommy Chong,154299.0,48150.0
19,4,Betsey Johnson,42443.0,1179.0
19,4,Michael Waltrip,120347.0,17979.0
19,4,Bethany Mota,110759.0,39526.0
19,4,Sadie Robertson,98302.0,37439.0
19,5,Antonio Sabato Jr.,150069.0,41782.0
19,5,Jonathan Bennett,122515.0,26377.0
19,5,Lea Thompson,177780.0,33882.0
19,5,Janel Parrish,144273.0,53309.0
19,5,Alfonso Ribeiro,157984.0,48089.0
19,5,Tommy Chong,199348.0,58572.0
19,5,Michael Waltrip,157520.0,23049.0
19,5,Bethany Mota,152663.0,48165.0
19,5,Sadie Robertson,141261.0,50882.0
19,6,Antonio Sabato Jr.,215704.0,23002.0
19,6,Jonathan Bennett,62824.0,6781.0
19,6,Lea Thompson,209599.0,39271.0
19,6,Janel Parrish,237525.0,19011.0
19,6,Alfonso Ribeiro,249652.0,72491.0
19,6,Tommy Chong,191087.0,25708.0
19,6,Michael Waltrip,192744.0,29389.0
19,6,Bethany Mota,152689.0,34154.0
19,6,Sadie Robertson,170179.0,63442.0
19,8,Lea Thompson,333866.0,92609.0
19,8,Janel Parrish,360318.0,98669.0
19,8,Alfonso Ribeiro,360255.0,92921.0
19,8,Tommy Chong,337953.0,79317.0
19,8,Michael Waltrip,170778.0,16370.0
19,8,Bethany Mota,354503.0,88378.0
19,8,Sadie Robertson,336684.0,90358.0
19,9,Lea Thompson,189164.0,2429.0
19,9,Janel Parrish,411244.0,90719.0
19,9,Alfonso Ribeiro,434341.0,127865.0
19,9,Tommy Chong,450579.0,74333.0
19,9,Bethany Mota,425359.0,95818.0
19,9,Sadie Robertson,431756.0,89818.0
19,10,Janel Parrish,624338.0,104668.0
19,10,Alfonso Ribeiro,753795.0,174742.0
19,10,Tommy Chong,393109.0,28929.0
19,10,Bethany Mota,604698.0,106364.0
19,10,Sadie Robertson,642201.0,75922.0
19,11,Janel Parrish,603452.0,46405.0
19,11,Alfonso Ribeiro,1019925.0,206817.0
19,11,Bethany Mota,643825.0,78668.0
19,11,Sadie Robertson,813245.0,76645.0
20,1,Suzanne Somers,83362.0,30332.0
20,1,Willow Shields,82132.0,28928.0
20,1,Riker Lynch,88484.0,32057.0
20,1,Rumer Willis,89581.0,31168.0
20,1,Nastia Liukin,85271.0,30665.0
20,1,Michael Sam,85249.0,31572.0
20,1,Robert Herjavec,83444.0,27189.0
20,1,Charlotte McKinney,80342.0,30460.0
20,1,Noah Galloway,85796.0,31748.0
20,1,Redfoo,82400.0,30951.0
20,1,Patti LaBelle,81695.0,28636.0
20,1,Chris Soules,82281.0,27259.0
20,2,Suzanne Somers,94942.0,24736.0
20,2,Willow Shields,73396.0,14191.0
20,2,Riker Lynch,80943.0,21159.0
20,2,Rumer Willis,110697.0,27443.0
20,2,Nastia Liukin,78258.0,27001.0
20,2,Michael Sam,83276.0,21702.0
20,2,Robert Herjavec,92822.0,36760.0
20,2,Charlotte McKinney,104754.0,16488.0
20,2,Noah Galloway,82036.0,13307.0
20,2,Redfoo,18992.0,2919.0
20,2,Patti LaBelle,89379.0,13481.0
20,2,Chris Soules,93880.0,9510.0
20,3,Suzanne Somers,101831.0,27418.0
20,3,Willow Shields,78965.0,14754.0
20,3,Riker Lynch,84802.0,22982.0
20,3,Rumer Willis,118048.0,28067.0
20,3,Nastia Liukin,84323.0,29396.0
20,3,Michael Sam,87219.0,22836.0
20,3,Robert Herjavec,93798.0,35280.0
20,3,Charlotte McKinney,41689.0,6246.0
20,3,Noah Galloway,85729.0,14360.0
20,3,Patti LaBelle,94335.0,14318.0
20,3,Chris Soules,99168.0,10268.0
20,4,Suzanne Somers,146325.0,15395.0
20,4,Willow Shields,96370.0,12268.0
20,4,Riker Lynch,120496.0,11242.0
20,4,Rumer Willis,151495.0,9439.0
20,4,Nastia Liukin,131931.0,33821.0
20,4,Michael Sam,38881.0,2606.0
20,4,Robert Herjavec,114338.0,7207.0
20,4,Noah Galloway,114707.0,18204.0
20,4,Patti LaBelle,134193.0,14787.0
20,4,Chris Soules,130192.0,11604.0
20,5,Suzanne Somers,68795.0,3214.0
20,5,Willow Shields,199444.0,6002.0
20,5,Riker Lynch,130236.0,5023.0
20,5,Rumer Willis,233454.0,15378.0
20,5,Nastia Liukin,145125.0,3882.0
20,5,Robert Herjavec,188463.0,6155.0
20,5,Noah Galloway,151914.0,4696.0
20,5,Patti LaBelle,166507.0,6625.0
20,5,Chris Soules,191267.0,4214.0
20,6,Willow Shields,290032.0,9774.0
20,6,Riker Lynch,186284.0,5698.0
20,6,Rumer Willis,302802.0,20899.0
20,6,Nastia Liukin,198502.0,5139.0
20,6,Robert Herjavec,273409.0,9591.0
20,6,Noah Galloway,225785.0,11387.0
20,6,Patti LaBelle,87841.0,2748.0
20,6,Chris Soules,269185.0,8451.0
20,8,Riker Lynch,439521.0,95243.0
20,8,Rumer Willis,461910.0,105220.0
20,8,Nastia Liukin,442905.0,92252.0
20,8,Robert Herjavec,199410.0,5802.0
20,8,Noah Galloway,451353.0,80203.0
20,8,Chris Soules,265582.0,36381.0
20,9,Riker Lynch,835806.0,130341.0
20,9,Rumer Willis,874485.0,115438.0
20,9,Nastia Liukin,485022.0,5430.0
20,9,Noah Galloway,890868.0,115222.0
20,10,Riker Lynch,1042156.0,179468.0
20,10,Rumer Willis,1239726.0,108198.0
20,10,Noah Galloway,857189.0,34116.0
21,1,Gary Busey,74791.0,27054.0
21,1,Alexa PenaVega,82285.0,29983.0
21,1,Carlos PenaVega,79209.0,27060.0
21,1,Victor Espinoza,74191.0,25933.0
21,1,Alek Skarlatos,79027.0,28061.0
21,1,Chaka Khan,73980.0,28935.0
21,1,Andy Grammer,79904.0,26442.0
21,1,Tamar Braxton,79337.0,26786.0
21,1,Nick Carter,82139.0,27743.0
21,1,Hayes Grier,75799.0,25702.0
21,1,Bindi Irwin,80965.0,26397.0
21,1,Kim Zolciak-Biermann,72597.0,26615.0
21,1,Paula Deen,75817.0,27050.0
21,2,Gary Busey,91635.0,23082.0
21,2,Alexa PenaVega,90931.0,27577.0
21,2,Carlos PenaVega,87298.0,27969.0
21,2,Victor Espinoza,28061.0,4250.0
21,2,Alek Skarlatos,84792.0,28723.0
21,2,Chaka Khan,32344.0,4372.0
21,2,Andy Grammer,85700.0,17815.0
21,2,Tamar Braxton,79794.0,31546.0
21,2,Nick Carter,83537.0,32733.0
21,2,Hayes Grier,80560.0,36547.0
21,2,Bindi Irwin,90456.0,27130.0
21,2,Kim Zolciak-Biermann,35162.0,1519.0
21,2,Paula Deen,96350.0,25133.0
21,3,Gary Busey,112342.0,27766.0
21,3,Alexa PenaVega,113731.0,33443.0
21,3,Carlos PenaVega,107774.0,34356.0
21,3,Alek Skarlatos,105541.0,33360.0
21,3,Andy Grammer,104726.0,22769.0
21,3,Tamar Braxton,97152.0,38598.0
21,3,Nick Carter,105576.0,36565.0
21,3,Hayes Grier,101100.0,49649.0
21,3,Bindi Irwin,108631.0,30352.0
21,3,Paula Deen,114565.0,29490.0
21,4,Gary Busey,62432.0,7222.0
21,4,Alexa PenaVega,131887.0,30302.0
21,4,Carlos PenaVega,111300.0,37841.0
21,4,Alek Skarlatos,104373.0,30535.0
21,4,Andy Grammer,122158.0,23458.0
21,4,Tamar Braxton,124296.0,35356.0
21,4,Nick Carter,118237.0,31622.0
21,4,Hayes Grier,114251.0,50755.0
21,4,Bindi Irwin,113665.0,28762.0
21,4,Paula Deen,140111.0,32891.0
21,5,Alexa PenaVega,179605.0,37808.0
21,5,Carlos PenaVega,150227.0,48172.0
21,5,Alek Skarlatos,136689.0,37291.0
21,5,Andy Grammer,163791.0,32809.0
21,5,Tamar Braxton,150943.0,41305.0
21,5,Nick Carter,152487.0,40083.0
21,5,Hayes Grier,136789.0,53556.0
21,5,Bindi Irwin,153167.0,38106.0
21,5,Paula Deen,179716.0,42585.0
21,6,Alexa PenaVega,164687.0,41474.0
21,6,Carlos PenaVega,214876.0,51786.0
21,6,Alek Skarlatos,215318.0,36910.0
21,6,Andy Grammer,184891.0,21165.0
21,6,Tamar Braxton,193769.0,24232.0
21,6,Nick Carter,205550.0,66423.0
21,6,Hayes Grier,203389.0,29225.0
21,6,Bindi Irwin,225852.0,40132.0
21,6,Paula Deen,99421.0,3067.0
21,7,Alexa PenaVega,396126.0,16253.0
21,7,Carlos PenaVega,369645.0,23817.0
21,7,Alek Skarlatos,200062.0,19465.0
21,7,Andy Grammer,199675.0,12809.0
21,7,Tamar Braxton,301997.0,21359.0
21,7,Nick Carter,277038.0,12876.0
21,7,Hayes Grier,87846.0,4907.0
21,7,Bindi Irwin,202767.0,5621.0
21,8,Alexa PenaVega,457995.0,25852.0
21,8,Carlos PenaVega,443597.0,24968.0
21,8,Alek Skarlatos,233366.0,23367.0
21,8,Andy Grammer,163757.0,7685.0
21,8,Tamar Braxton,358868.0,25059.0
21,8,Nick Carter,358814.0,15178.0
21,8,Bindi Irwin,248973.0,10639.0
21,10,Carlos PenaVega,828411.0,215599.0
21,10,Alek Skarlatos,775549.0,206668.0
21,10,Nick Carter,765583.0,194550.0
21,10,Bindi Irwin,845384.0,210899.0
21,11,Carlos PenaVega,540566.0,94131.0
21,11,Alek Skarlatos,637265.0,23130.0
21,11,Nick Carter,895412.0,183588.0
21,11,Bindi Irwin,929789.0,174557.0
22,1,Mischa Barton,81739.0,31346.0
22,1,Kim Fields,83127.0,29774.0
22,1,Jodie Sweetin,83973.0,29423.0
22,1,Doug Flutie,80137.0,27972.0
22,1,Von Miller,87294.0,28853.0
22,1,Antonio Brown,85423.0,28084.0
22,1,Paige VanZant,86014.0,30150.0
22,1,Geraldo Rivera,80839.0,28545.0
22,1,Nyle DiMarco,84702.0,28485.0
22,1,Ginger Zee,83907.0,27302.0
22,1,Wanya Morris,84943.0,27636.0
22,1,Marla Maples,87941.0,30780.0
22,2,Mischa Barton,90812.0,28639.0
22,2,Kim Fields,82284.0,26452.0
22,2,Jodie Sweetin,87615.0,31383.0
22,2,Doug Flutie,87387.0,32432.0
22,2,Von Miller,89325.0,27895.0
22,2,Antonio Brown,86889.0,27281.0
22,2,Paige VanZant,95037.0,33317.0
22,2,Geraldo Rivera,39974.0,1997.0
22,2,Nyle DiMarco,85567.0,29518.0
22,2,Ginger Zee,84635.0,29149.0
22,2,Wanya Morris,89047.0,28092.0
22,2,Marla Maples,92746.0,32262.0
22,3,Mischa Barton,35771.0,4554.0
22,3,Kim Fields,93546.0,32948.0
22,3,Jodie Sweetin,104339.0,36876.0
22,3,Doug Flutie,105794.0,44161.0
22,3,Von Miller,100855.0,28722.0
22,3,Antonio Brown,86532.0,23838.0
22,3,Paige VanZant,105238.0,38009.0
22,3,Nyle DiMarco,104237.0,28865.0
22,3,Ginger Zee,114589.0,33898.0
22,3,Wanya Morris,103132.0,28881.0
22,3,Marla Maples,103849.0,41312.0
22,4,Kim Fields,114925.0,30254.0
22,4,Jodie Sweetin,158969.0,52960.0
22,4,Doug Flutie,144189.0,45307.0
22,4,Von Miller,104364.0,30709.0
22,4,Antonio Brown,106425.0,21342.0
22,4,Paige VanZant,127941.0,36592.0
22,4,Nyle DiMarco,129346.0,26888.0
22,4,Ginger Zee,145999.0,37905.0
22,4,Wanya Morris,119518.0,10935.0
22,4,Marla Maples,46355.0,4227.0
22,5,Kim Fields,147631.0,36997.0
22,5,Jodie Sweetin,226399.0,67237.0
22,5,Doug Flutie,193236.0,60137.0
22,5,Von Miller,141027.0,37630.0
22,5,Antonio Brown,133481.0,26250.0
22,5,Paige VanZant,169779.0,43730.0
22,5,Nyle DiMarco,181131.0,38951.0
22,5,Ginger Zee,195225.0,47973.0
22,5,Wanya Morris,158957.0,14409.0
22,6,Kim Fields,168292.0,12181.0
22,6,Jodie Sweetin,368820.0,36941.0
22,6,Doug Flutie,91229.0,5547.0
22,6,Von Miller,142964.0,8182.0
22,6,Antonio Brown,199254.0,16133.0
22,6,Paige VanZant,272905.0,32189.0
22,6,Nyle DiMarco,251722.0,17820.0
22,6,Ginger Zee,169727.0,37770.0
22,6,Wanya Morris,225064.0,10157.0
22,7,Kim Fields,100708.0,5840.0
22,7,Jodie Sweetin,454051.0,28250.0
22,7,Von Miller,180960.0,2262.0
22,7,Antonio Brown,248962.0,14962.0
22,7,Paige VanZant,328003.0,29065.0
22,7,Nyle DiMarco,323474.0,23983.0
22,7,Ginger Zee,224801.0,12729.0
22,7,Wanya Morris,280686.0,12331.0
22,9,Antonio Brown,359778.0,3211.0
22,9,Paige VanZant,740388.0,105891.0
22,9,Nyle DiMarco,738636.0,108056.0
22,9,Ginger Zee,735895.0,92256.0
22,9,Wanya Morris,443372.0,61261.0
22,10,Paige VanZant,1077794.0,149358.0
22,10,Nyle DiMarco,1224744.0,76061.0
22,10,Ginger Zee,832633.0,28554.0
23,1,Jake T. Austin,76526.0,27088.0
23,1,Maureen McCormick,75411.0,25375.0
23,1,Marilu Henner,79188.0,27981.0
23,1,Ryan Lochte,74997.0,28452.0
23,1,Calvin Johnson Jr.,78904.0,26593.0
23,1,Laurie Hernandez,79317.0,27408.0
23,1,Amber Rose,76579.0,27861.0
23,1,Rick Perry,74587.0,26647.0
23,1,James Hinchcliffe,82057.0,29523.0
23,1,Babyface,76740.0,28102.0
23,1,Vanilla Ice,78983.0,27455.0
23,1,Jana Kramer,77458.0,28873.0
23,1,Terra Jole,79292.0,26449.0
23,2,Jake T. Austin,24178.0,3430.0
23,2,Maureen McCormick,78687.0,25301.0
23,2,Marilu Henner,79647.0,30313.0
23,2,Ryan Lochte,81504.0,29358.0
23,2,Calvin Johnson Jr.,86183.0,24217.0
23,2,Laurie Hernandez,80173.0,28792.0
23,2,Amber Rose,85870.0,25788.0
23,2,Rick Perry,88750.0,27116.0
23,2,James Hinchcliffe,78196.0,26377.0
23,2,Babyface,83711.0,32893.0
23,2,Vanilla Ice,84728.0,25701.0
23,2,Jana Kramer,74683.0,20118.0
23,2,Terra Jole,79134.0,21148.0
23,3,Maureen McCormick,93801.0,21420.0
23,3,Marilu Henner,102922.0,28975.0
23,3,Ryan Lochte,80636.0,25980.0
23,3,Calvin Johnson Jr.,83626.0,20260.0
23,3,Laurie Hernandez,90047.0,29135.0
23,3,Amber Rose,99168.0,16798.0
23,3,Rick Perry,29969.0,3400.0
23,3,James Hinchcliffe,91072.0,15553.0
23,3,Babyface,94554.0,23375.0
23,3,Vanilla Ice,103076.0,23342.0
23,3,Jana Kramer,80314.0,20691.0
23,3,Terra Jole,87708.0,23437.0
23,5,Maureen McCormick,154853.0,49124.0
23,5,Marilu Henner,155224.0,50531.0
23,5,Ryan Lochte,151323.0,49614.0
23,5,Calvin Johnson Jr.,156030.0,49977.0
23,5,Laurie Hernandez,157219.0,51102.0
23,5,Amber Rose,154838.0,50450.0
23,5,James Hinchcliffe,159214.0,47880.0
23,5,Jana Kramer,156852.0,48517.0
23,5,Terra Jole,157860.0,47907.0
23,6,Maureen McCormick,204289.0,56077.0
23,6,Marilu Henner,199561.0,55681.0
23,6,Ryan Lochte,209473.0,52208.0
23,6,Calvin Johnson Jr.,200481.0,58642.0
23,6,Laurie Hernandez,206420.0,55360.0
23,6,Amber Rose,82630.0,1750.0
23,6,James Hinchcliffe,196758.0,57006.0
23,6,Jana Kramer,206285.0,66298.0
23,6,Terra Jole,200079.0,49975.0
23,7,Maureen McCormick,97187.0,9108.0
23,7,Marilu Henner,293276.0,29847.0
23,7,Ryan Lochte,303555.0,58197.0
23,7,Calvin Johnson Jr.,315229.0,45810.0
23,7,Laurie Hernandez,260364.0,44874.0
23,7,James Hinchcliffe,210122.0,47503.0
23,7,Jana Kramer,298806.0,73542.0
23,7,Terra Jole,232449.0,29696.0
23,8,Marilu Henner,281622.0,26370.0
23,8,Ryan Lochte,153875.0,9828.0
23,8,Calvin Johnson Jr.,492731.0,31354.0
23,8,Laurie Hernandez,266672.0,44872.0
23,8,James Hinchcliffe,245400.0,32939.0
23,8,Jana Kramer,536281.0,88739.0
23,8,Terra Jole,284881.0,9559.0
23,10,Calvin Johnson Jr.,703051.0,127032.0
23,10,Laurie Hernandez,657887.0,136496.0
23,10,James Hinchcliffe,712523.0,145321.0
23,10,Jana Kramer,724456.0,138269.0
23,10,Terra Jole,300908.0,11638.0
23,11,Calvin Johnson Jr.,632289.0,22984.0
23,11,Laurie Hernandez,831130.0,170823.0
23,11,James Hinchcliffe,876242.0,169474.0
23,11,Jana Kramer,661545.0,74529.0
24,1,Charo,81723.0,28934.0
24,1,Mr. T,80720.0,29284.0
24,1,Heather Morris,86655.0,31040.0
24,1,Nancy Kerrigan,86207.0,30761.0
24,1,Bonner Bolton,82752.0,30514.0
24,1,Simone Biles,88278.0,30388.0
24,1,David Ross,85597.0,28523.0
24,1,Rashad Jennings,86808.0,28462.0
24,1,Chris Kattan,81033.0,29079.0
24,1,Erika Jayne,84965.0,29698.0
24,1,Normani,82609.0,28333.0
24,1,Nick Viall,82694.0,28264.0
24,2,Charo,85131.0,24777.0
24,2,Mr. T,97069.0,30620.0
24,2,Heather Morris,92694.0,30812.0
24,2,Nancy Kerrigan,84986.0,30844.0
24,2,Bonner Bolton,83200.0,32394.0
24,2,Simone Biles,90892.0,34801.0
24,2,David Ross,85534.0,30733.0
24,2,Rashad Jennings,86694.0,27608.0
24,2,Chris Kattan,32310.0,4827.0
24,2,Erika Jayne,86105.0,25188.0
24,2,Normani,97183.0,37300.0
24,2,Nick Viall,86896.0,29115.0
24,3,Charo,37418.0,5727.0
24,3,Mr. T,118713.0,39939.0
24,3,Heather Morris,97222.0,18835.0
24,3,Nancy Kerrigan,109330.0,48216.0
24,3,Bonner Bolton,97736.0,27169.0
24,3,Simone Biles,106357.0,42500.0
24,3,David Ross,96066.0,30591.0
24,3,Rashad Jennings,105564.0,23451.0
24,3,Erika Jayne,92167.0,24197.0
24,3,Normani,114658.0,36962.0
24,3,Nick Viall,86341.0,13712.0
24,4,Mr. T,45412.0,4492.0
24,4,Heather Morris,106811.0,26596.0
24,4,Nancy Kerrigan,129398.0,37785.0
24,4,Bonner Bolton,112737.0,21351.0
24,4,Simone Biles,144854.0,51781.0
24,4,David Ross,137247.0,50162.0
24,4,Rashad Jennings,131275.0,29316.0
24,4,Erika Jayne,137993.0,26049.0
24,4,Normani,121706.0,34731.0
24,4,Nick Viall,117101.0,13746.0
24,5,Heather Morris,130590.0,31847.0
24,5,Nancy Kerrigan,166794.0,49956.0
24,5,Bonner Bolton,143176.0,28436.0
24,5,Simone Biles,182644.0,64395.0
24,5,David Ross,169917.0,65996.0
24,5,Rashad Jennings,164067.0,34405.0
24,5,Erika Jayne,59889.0,9392.0
24,5,Normani,148333.0,42027.0
24,5,Nick Viall,147428.0,16076.0
24,7,Nancy Kerrigan,115339.0,18113.0
24,7,Bonner Bolton,412277.0,99019.0
24,7,Simone Biles,308259.0,64806.0
24,7,David Ross,364376.0,59065.0
24,7,Rashad Jennings,382301.0,76596.0
24,7,Normani,364228.0,72594.0
24,7,Nick Viall,187887.0,19356.0
24,8,Bonner Bolton,309014.0,18502.0
24,8,Simone Biles,480660.0,76304.0
24,8,David Ross,527093.0,50837.0
24,8,Rashad Jennings,474696.0,68145.0
24,8,Normani,470797.0,95540.0
24,9,Simone Biles,476063.0,3211.0
24,9,David Ross,824159.0,66640.0
24,9,Rashad Jennings,891608.0,100146.0
24,9,Normani,877773.0,42553.0
24,10,David Ross,1035084.0,95682.0
24,10,Rashad Jennings,1124759.0,63543.0
24,10,Normani,862087.0,18846.0
25,1,Sasha Pieterse,77153.0,26310.0
25,1,Frankie Muniz,79502.0,27588.0
25,1,Jordan Fisher,80100.0,26876.0
25,1,Derek Fisher,77764.0,27138.0
25,1,Nikki Bella,78206.0,27166.0
25,1,Terrell Owens,77189.0,28015.0
25,1,Victoria Arlen,79211.0,28284.0
25,1,Barbara Corcoran,75334.0,27886.0
25,1,Lindsey Stirling,78167.0,27632.0
25,1,Debbie Gibson,75316.0,27620.0
25,1,Nick Lachey,77065.0,28170.0
25,1,Drew Scott,76157.0,27727.0
25,1,Vanessa Lachey,78875.0,28082.0
25,2,Sasha Pieterse,84762.0,24545.0
25,2,Frankie Muniz,67565.0,14032.0
25,2,Jordan Fisher,83149.0,22419.0
25,2,Derek Fisher,79879.0,12951.0
25,2,Nikki Bella,101576.0,24265.0
25,2,Terrell Owens,88541.0,32386.0
25,2,Victoria Arlen,72826.0,23595.0
25,2,Barbara Corcoran,29228.0,4393.0
25,2,Lindsey Stirling,98867.0,23241.0
25,2,Debbie Gibson,28067.0,1752.0
25,2,Nick Lachey,77217.0,12676.0
25,2,Drew Scott,85690.0,23187.0
25,2,Vanessa Lachey,84960.0,19041.0
25,3,Sasha Pieterse,97810.0,27757.0
25,3,Frankie Muniz,77038.0,15752.0
25,3,Jordan Fisher,98567.0,26309.0
25,3,Derek Fisher,94003.0,14874.0
25,3,Nikki Bella,119915.0,28102.0
25,3,Terrell Owens,101974.0,36508.0
25,3,Victoria Arlen,84051.0,26572.0
25,3,Lindsey Stirling,118400.0,28483.0
25,3,Nick Lachey,92541.0,15104.0
25,3,Drew Scott,103497.0,27886.0
25,3,Vanessa Lachey,100010.0,21394.0
25,4,Sasha Pieterse,92337.0,8681.0
25,4,Frankie Muniz,106431.0,11212.0
25,4,Jordan Fisher,113458.0,6957.0
25,4,Derek Fisher,32949.0,1831.0
25,4,Nikki Bella,112464.0,10852.0
25,4,Terrell Owens,115124.0,7229.0
25,4,Victoria Arlen,109571.0,13267.0
25,4,Lindsey Stirling,136014.0,8849.0
25,4,Nick Lachey,130889.0,9040.0
25,4,Drew Scott,123372.0,23738.0
25,4,Vanessa Lachey,114334.0,7776.0
25,5,Sasha Pieterse,51017.0,3519.0
25,5,Frankie Muniz,154274.0,12866.0
25,5,Jordan Fisher,159473.0,8147.0
25,5,Nikki Bella,149237.0,16191.0
25,5,Terrell Owens,157358.0,9143.0
25,5,Victoria Arlen,154237.0,9992.0
25,5,Lindsey Stirling,182329.0,14517.0
25,5,Nick Lachey,174134.0,13792.0
25,5,Drew Scott,148688.0,10896.0
25,5,Vanessa Lachey,150608.0,11287.0
25,6,Frankie Muniz,200972.0,15875.0
25,6,Jordan Fisher,230147.0,11091.0
25,6,Nikki Bella,200287.0,22959.0
25,6,Terrell Owens,233747.0,12162.0
25,6,Victoria Arlen,205285.0,15252.0
25,6,Lindsey Stirling,252801.0,22997.0
25,6,Nick Lachey,102933.0,6058.0
25,6,Drew Scott,202373.0,12640.0
25,6,Vanessa Lachey,217088.0,14262.0
25,7,Frankie Muniz,294202.0,15269.0
25,7,Jordan Fisher,290199.0,12542.0
25,7,Nikki Bella,106432.0,8827.0
25,7,Terrell Owens,300318.0,11665.0
25,7,Victoria Arlen,306722.0,16573.0
25,7,Lindsey Stirling,308874.0,16604.0
25,7,Drew Scott,264942.0,13227.0
25,7,Vanessa Lachey,141451.0,5566.0
25,9,Frankie Muniz,690491.0,137673.0
25,9,Jordan Fisher,679547.0,139193.0
25,9,Victoria Arlen,314146.0,3988.0
25,9,Lindsey Stirling,699200.0,149173.0
25,9,Drew Scott,704704.0,113705.0
25,10,Frankie Muniz,654020.0,24741.0
25,10,Jordan Fisher,851448.0,126558.0
25,10,Lindsey Stirling,884288.0,127943.0
25,10,Drew Scott,674895.0,70934.0
26,1,Jamie Anderson,31702.0,4990.0
26,1,Johnny Damon,52731.0,3926.0
26,1,Kareem Abdul-Jabbar,125337.0,35995.0
26,1,Arike Ogunbowale,112351.0,31771.0
26,1,Jennie Finch Daigle,99246.0,31079.0
26,1,Chris Mazdzer,113458.0,42159.0
26,1,Mirai Nagasu,110531.0,42201.0
26,1,Tonya Harding,102651.0,33892.0
26,1,Josh Norman,111886.0,34438.0
26,1,Adam Rippon,97627.0,30036.0
26,3,Jennie Finch Daigle,260669.0,2940.0
26,3,Chris Mazdzer,314120.0,35576.0
26,3,Mirai Nagasu,375216.0,75656.0
26,3,Tonya Harding,573592.0,73438.0
26,3,Josh Norman,583854.0,105196.0
26,3,Adam Rippon,575448.0,130210.0
26,4,Tonya Harding,834149.0,22343.0
26,4,Josh Norman,1092565.0,191526.0
26,4,Adam Rippon,1244483.0,100777.0
27,1,Juan Pablo Di Pace,78422.0,29868.0
27,1,Evanna Lynch,84028.0,24623.0
27,1,Nancy McKeon,77450.0,27401.0
27,1,John Schneider,83442.0,28867.0
27,1,Milo Manheim,76313.0,24816.0
27,1,Danelle Umstead,80599.0,29571.0
27,1,Mary Lou Retton,81030.0,28280.0
27,1,DeMarcus Ware,75092.0,23486.0
27,1,Nikki Glaser,23473.0,3622.0
27,1,Bobby Bones,79193.0,23966.0
27,1,Tinashe,80567.0,34158.0
27,1,Alexis Ren,78875.0,29994.0
27,1,Joe Amabile,88133.0,27359.0
27,2,Juan Pablo Di Pace,83829.0,32080.0
27,2,Evanna Lynch,96358.0,29165.0
27,2,Nancy McKeon,95229.0,27691.0
27,2,John Schneider,95108.0,35274.0
27,2,Milo Manheim,83112.0,22722.0
27,2,Danelle Umstead,31032.0,4198.0
27,2,Mary Lou Retton,93403.0,32283.0
27,2,DeMarcus Ware,72295.0,20185.0
27,2,Bobby Bones,88936.0,31383.0
27,2,Tinashe,91167.0,32434.0
27,2,Alexis Ren,79135.0,27873.0
27,2,Joe Amabile,100381.0,34419.0
27,3,Juan Pablo Di Pace,98386.0,15188.0
27,3,Evanna Lynch,110672.0,31044.0
27,3,Nancy McKeon,35171.0,3206.0
27,3,John Schneider,100018.0,27320.0
27,3,Milo Manheim,120231.0,17740.0
27,3,Mary Lou Retton,88891.0,17341.0
27,3,DeMarcus Ware,78593.0,9002.0
27,3,Bobby Bones,86595.0,11036.0
27,3,Tinashe,98805.0,31492.0
27,3,Alexis Ren,144441.0,54865.0
27,3,Joe Amabile,112645.0,15567.0
27,5,Juan Pablo Di Pace,206690.0,63384.0
27,5,Evanna Lynch,193642.0,57686.0
27,5,John Schneider,190090.0,56692.0
27,5,Milo Manheim,198588.0,53975.0
27,5,Mary Lou Retton,194609.0,58922.0
27,5,DeMarcus Ware,197701.0,54598.0
27,5,Bobby Bones,187995.0,57692.0
27,5,Alexis Ren,206251.0,61984.0
27,5,Joe Amabile,174434.0,55505.0
27,6,Juan Pablo Di Pace,254572.0,84714.0
27,6,Evanna Lynch,251949.0,47542.0
27,6,John Schneider,263093.0,43955.0
27,6,Milo Manheim,265711.0,61297.0
27,6,Mary Lou Retton,84885.0,11806.0
27,6,DeMarcus Ware,242554.0,47100.0
27,6,Bobby Bones,248552.0,47426.0
27,6,Alexis Ren,256266.0,71981.0
27,6,Joe Amabile,231485.0,40867.0
27,7,Juan Pablo Di Pace,428822.0,24674.0
27,7,Evanna Lynch,397222.0,33230.0
27,7,John Schneider,113013.0,9045.0
27,7,Milo Manheim,244821.0,8853.0
27,7,DeMarcus Ware,174250.0,2386.0
27,7,Bobby Bones,392572.0,20884.0
27,7,Alexis Ren,238451.0,20029.0
27,7,Joe Amabile,284865.0,17409.0
27,9,Evanna Lynch,644844.0,119610.0
27,9,Milo Manheim,843442.0,216240.0
27,9,Bobby Bones,1031595.0,73720.0
27,9,Alexis Ren,441480.0,33294.0
28,1,Kate Flannery,84567.0,29694.0
28,1,James Van Der Beek,86526.0,28004.0
28,1,Kel Mitchell,82919.0,27431.0
28,1,Ray Lewis,83001.0,28347.0
28,1,Lamar Odom,77666.0,28050.0
28,1,Sailor Brinkley-Cook,84241.0,29855.0
28,1,Sean Spicer,81480.0,27752.0
28,1,Mary Wilson,86010.0,28507.0
28,1,Lauren Alaina,86018.0,29058.0
28,1,Ally Brooke,84614.0,29311.0
28,1,Karamo Brown,85187.0,29621.0
28,1,Hannah Brown,87811.0,31264.0
28,2,Kate Flannery,89531.0,28326.0
28,2,James Van Der Beek,84360.0,26841.0
28,2,Kel Mitchell,86234.0,29721.0
28,2,Ray Lewis,52578.0,14015.0
28,2,Lamar Odom,80884.0,30857.0
28,2,Sailor Brinkley-Cook,86147.0,30274.0
28,2,Sean Spicer,87562.0,28124.0
28,2,Mary Wilson,29209.0,3333.0
28,2,Lauren Alaina,87016.0,29222.0
28,2,Ally Brooke,90268.0,28656.0
28,2,Karamo Brown,89084.0,30107.0
28,2,Hannah Brown,89654.0,30664.0
28,3,Kate Flannery,116310.0,34904.0
28,3,James Van Der Beek,104338.0,31559.0
28,3,Kel Mitchell,104130.0,35198.0
28,3,Lamar Odom,96144.0,36444.0
28,3,Sailor Brinkley-Cook,112106.0,38094.0
28,3,Sean Spicer,107597.0,34268.0
28,3,Lauren Alaina,106286.0,37402.0
28,3,Ally Brooke,113052.0,32847.0
28,3,Karamo Brown,104579.0,34932.0
28,3,Hannah Brown,106599.0,37070.0
28,4,Kate Flannery,123816.0,44309.0
28,4,James Van Der Beek,111689.0,34681.0
28,4,Kel Mitchell,114898.0,40357.0
28,4,Lamar Odom,66238.0,10899.0
28,4,Sailor Brinkley-Cook,124236.0,39941.0
28,4,Sean Spicer,120731.0,38921.0
28,4,Lauren Alaina,121414.0,43176.0
28,4,Ally Brooke,126830.0,35205.0
28,4,Karamo Brown,123550.0,40944.0
28,4,Hannah Brown,121409.0,45158.0
28,5,Kate Flannery,161942.0,52452.0
28,5,James Van Der Beek,147117.0,42416.0
28,5,Kel Mitchell,145374.0,51657.0
28,5,Sailor Brinkley-Cook,161759.0,47322.0
28,5,Sean Spicer,154550.0,46018.0
28,5,Lauren Alaina,155873.0,53644.0
28,5,Ally Brooke,169804.0,45499.0
28,5,Karamo Brown,149920.0,48994.0
28,5,Hannah Brown,157071.0,57642.0
28,6,Kate Flannery,194444.0,1750.0
28,6,James Van Der Beek,194444.0,1750.0
28,6,Kel Mitchell,194444.0,1750.0
28,6,Sailor Brinkley-Cook,194444.0,1750.0
28,6,Sean Spicer,194444.0,1750.0
28,6,Lauren Alaina,194444.0,1750.0
28,6,Ally Brooke,194444.0,1750.0
28,6,Karamo Brown,194444.0,1750.0
28,6,Hannah Brown,194444.0,1750.0
28,7,Kate Flannery,287206.0,83170.0
28,7,James Van Der Beek,238573.0,69208.0
28,7,Kel Mitchell,265520.0,70526.0
28,7,Sean Spicer,270394.0,65491.0
28,7,Lauren Alaina,255391.0,79501.0
28,7,Ally Brooke,290937.0,59238.0
28,7,Karamo Brown,123499.0,9996.0
28,7,Hannah Brown,290978.0,107797.0
28,8,Kate Flannery,164650.0,8629.0
28,8,James Van Der Beek,318452.0,86866.0
28,8,Kel Mitchell,364747.0,62214.0
28,8,Sean Spicer,334213.0,71746.0
28,8,Lauren Alaina,336215.0,93878.0
28,8,Ally Brooke,379674.0,69078.0
28,8,Hannah Brown,332014.0,81485.0
28,9,James Van Der Beek,344534.0,106671.0
28,9,Kel Mitchell,437343.0,74164.0
28,9,Sean Spicer,309416.0,42154.0
28,9,Lauren Alaina,429718.0,102613.0
28,9,Ally Brooke,468037.0,89726.0
28,9,Hannah Brown,375843.0,92096.0
28,10,James Van Der Beek,427801.0,115463.0
28,10,Kel Mitchell,697276.0,123907.0
28,10,Lauren Alaina,664683.0,148686.0
28,10,Ally Brooke,746156.0,133964.0
28,10,Hannah Brown,607444.0,151991.0
28,11,Kel Mitchell,809237.0,3237.0
28,11,Lauren Alaina,809237.0,3237.0
28,11,Ally Brooke,809237.0,3237.0
28,11,Hannah Brown,809237.0,3237.0
29,1,Anne Heche,66468.0,24204.0
29,1,Jesse Metcalfe,68623.0,25147.0
29,1,Chrishell Stause,65196.0,23764.0
29,1,Skai Jackson,67359.0,22962.0
29,1,Justina Machado,67737.0,23790.0
29,1,Charles Oakley,63848.0,24836.0
29,1,Veron Davis,68666.0,26409.0
29,1,Johnny Weir,67727.0,25430.0
29,1,Nev Schulman,69478.0,25661.0
29,1,AJ McLean,69575.0,23463.0
29,1,Nelly,65599.0,25067.0
29,1,Kaitlyn Bristowe,70160.0,26393.0
29,1,Carole Baskin,63671.0,23064.0
29,1,Monica Aldama,68040.0,25600.0
29,1,Jeannie Mai,67892.0,23402.0
29,2,Anne Heche,67619.0,25939.0
29,2,Jesse Metcalfe,69177.0,28093.0
29,2,Chrishell Stause,68322.0,24481.0
29,2,Skai Jackson,67517.0,22629.0
29,2,Justina Machado,71251.0,25694.0
29,2,Charles Oakley,31025.0,2396.0
29,2,Veron Davis,70288.0,26349.0
29,2,Johnny Weir,67583.0,24352.0
29,2,Nev Schulman,70681.0,27568.0
29,2,AJ McLean,72942.0,22641.0
29,2,Nelly,65886.0,25416.0
29,2,Kaitlyn Bristowe,72793.0,26007.0
29,2,Carole Baskin,70322.0,26163.0
29,2,Monica Aldama,71543.0,25644.0
29,2,Jeannie Mai,70809.0,24886.0
29,3,Anne Heche,73950.0,26542.0
29,3,Jesse Metcalfe,76558.0,27415.0
29,3,Chrishell Stause,77188.0,27197.0
29,3,Skai Jackson,77972.0,25465.0
29,3,Justina Machado,74871.0,27134.0
29,3,Veron Davis,83274.0,29992.0
29,3,Johnny Weir,76556.0,24892.0
29,3,Nev Schulman,76314.0,28623.0
29,3,AJ McLean,79881.0,23041.0
29,3,Nelly,77599.0,27049.0
29,3,Kaitlyn Bristowe,80789.0,31619.0
29,3,Carole Baskin,39202.0,4290.0
29,3,Monica Aldama,83393.0,28565.0
29,3,Jeannie Mai,78568.0,29151.0
29,4,Anne Heche,45137.0,7112.0
29,4,Jesse Metcalfe,98111.0,34966.0
29,4,Chrishell Stause,95622.0,28214.0
29,4,Skai Jackson,89635.0,32185.0
29,4,Justina Machado,90679.0,34340.0
29,4,Veron Davis,99569.0,36754.0
29,4,Johnny Weir,88613.0,24277.0
29,4,Nev Schulman,82759.0,28997.0
29,4,AJ McLean,94617.0,26575.0
29,4,Nelly,101436.0,36464.0
29,4,Kaitlyn Bristowe,95469.0,30300.0
29,4,Monica Aldama,94658.0,30233.0
29,4,Jeannie Mai,87637.0,28053.0
29,5,Jesse Metcalfe,68206.0,5297.0
29,5,Chrishell Stause,125236.0,34174.0
29,5,Skai Jackson,105796.0,32924.0
29,5,Justina Machado,110364.0,46328.0
29,5,Veron Davis,119156.0,43672.0
29,5,Johnny Weir,116319.0,34010.0
29,5,Nev Schulman,111376.0,40246.0
29,5,AJ McLean,119844.0,32592.0
29,5,Nelly,133195.0,36754.0
29,5,Kaitlyn Bristowe,129469.0,45042.0
29,5,Monica Aldama,127021.0,39674.0
29,5,Jeannie Mai,107816.0,31448.0
29,6,Chrishell Stause,187492.0,50606.0
29,6,Skai Jackson,144417.0,47333.0
29,6,Justina Machado,155394.0,61356.0
29,6,Veron Davis,87501.0,4009.0
29,6,Johnny Weir,148841.0,51230.0
29,6,Nev Schulman,144543.0,52888.0
29,6,AJ McLean,156726.0,47140.0
29,6,Nelly,187872.0,40796.0
29,6,Kaitlyn Bristowe,184227.0,60862.0
29,6,Monica Aldama,175650.0,40736.0
29,6,Jeannie Mai,145409.0,34518.0
29,7,Chrishell Stause,241369.0,67132.0
29,7,Skai Jackson,211694.0,66417.0
29,7,Justina Machado,199046.0,74002.0
29,7,Johnny Weir,196189.0,63107.0
29,7,Nev Schulman,191265.0,66104.0
29,7,AJ McLean,192554.0,57323.0
29,7,Nelly,245315.0,51125.0
29,7,Kaitlyn Bristowe,225712.0,71584.0
29,7,Monica Aldama,123436.0,7046.0
29,7,Jeannie Mai,126329.0,16412.0
29,8,Chrishell Stause,115784.0,12939.0
29,8,Skai Jackson,332126.0,114872.0
29,8,Justina Machado,323069.0,81532.0
29,8,Johnny Weir,309068.0,35972.0
29,8,Nev Schulman,201836.0,63197.0
29,8,AJ McLean,241468.0,84208.0
29,8,Nelly,367362.0,78775.0
29,8,Kaitlyn Bristowe,370314.0,60901.0
29,9,Skai Jackson,403975.0,128710.0
29,9,Justina Machado,357977.0,84357.0
29,9,Johnny Weir,349150.0,49332.0
29,9,Nev Schulman,207587.0,56863.0
29,9,AJ McLean,186438.0,32824.0
29,9,Nelly,414870.0,90002.0
29,9,Kaitlyn Bristowe,458810.0,46549.0
29,10,Skai Jackson,464847.0,126051.0
29,10,Justina Machado,545191.0,115411.0
29,10,Johnny Weir,251475.0,39705.0
29,10,Nev Schulman,305428.0,108747.0
29,10,Nelly,661748.0,121529.0
29,10,Kaitlyn Bristowe,675516.0,74906.0
29,11,Justina Machado,497313.0,18195.0
29,11,Nev Schulman,437235.0,172436.0
29,11,Nelly,949896.0,174962.0
29,11,Kaitlyn Bristowe,1010991.0,75099.0
30,1,Martin Kove,64416.0,22878.0
30,1,Brian Austin Green,66483.0,23551.0
30,1,Melora Hardin,68982.0,24753.0
30,1,Matt James,66413.0,22636.0
30,1,"Mike ""The Miz"" Mizanin",66683.0,23755.0
30,1,Suni Lee,68151.0,24832.0
30,1,Iman Shumpert,66249.0,23781.0
30,1,Cody Rigsby,69120.0,24844.0
30,1,Melanie C,67635.0,22907.0
30,1,Jimmie Allen,64681.0,23468.0
30,1,Olivia Jade,69619.0,24862.0
30,1,JoJo Siwa,69366.0,25167.0
30,1,Christine Chiu,67392.0,25408.0
30,1,Kenya Moore,66778.0,22408.0
30,1,Amanda Kloots,68070.0,23945.0
30,2,Martin Kove,35866.0,2777.0
30,2,Brian Austin Green,71102.0,25346.0
30,2,Melora Hardin,71152.0,22483.0
30,2,Matt James,70067.0,22722.0
30,2,"Mike ""The Miz"" Mizanin",66519.0,23466.0
30,2,Suni Lee,70355.0,23385.0
30,2,Iman Shumpert,68265.0,23105.0
30,2,Cody Rigsby,70890.0,25890.0
30,2,Melanie C,71716.0,24384.0
30,2,Jimmie Allen,69359.0,24010.0
30,2,Olivia Jade,67812.0,23020.0
30,2,JoJo Siwa,73201.0,24788.0
30,2,Christine Chiu,69606.0,27677.0
30,2,Kenya Moore,68801.0,24872.0
30,2,Amanda Kloots,70792.0,23821.0
30,3,Brian Austin Green,89479.0,20513.0
30,3,Melora Hardin,72748.0,20646.0
30,3,Matt James,84887.0,31074.0
30,3,"Mike ""The Miz"" Mizanin",82294.0,23721.0
30,3,Suni Lee,63731.0,18635.0
30,3,Iman Shumpert,78365.0,25336.0
30,3,Cody Rigsby,96911.0,24949.0
30,3,Melanie C,77584.0,21698.0
30,3,Jimmie Allen,79947.0,15717.0
30,3,Olivia Jade,66513.0,16457.0
30,3,JoJo Siwa,86761.0,33374.0
30,3,Christine Chiu,23864.0,3801.0
30,3,Kenya Moore,88102.0,39497.0
30,3,Amanda Kloots,76415.0,19705.0
30,4,Brian Austin Green,41915.0,6670.0
30,4,Melora Hardin,93631.0,20679.0
30,4,Matt James,54023.0,14107.0
30,4,"Mike ""The Miz"" Mizanin",107072.0,27653.0
30,4,Suni Lee,81550.0,24748.0
30,4,Iman Shumpert,102865.0,29419.0
30,4,Cody Rigsby,108033.0,23409.0
30,4,Melanie C,97836.0,29024.0
30,4,Jimmie Allen,90840.0,20602.0
30,4,Olivia Jade,79390.0,18534.0
30,4,JoJo Siwa,89837.0,24681.0
30,4,Kenya Moore,121321.0,51176.0
30,4,Amanda Kloots,81054.0,20787.0
30,6,Melora Hardin,196083.0,60800.0
30,6,"Mike ""The Miz"" Mizanin",198774.0,64016.0
30,6,Suni Lee,198206.0,60166.0
30,6,Iman Shumpert,205182.0,64897.0
30,6,Cody Rigsby,197438.0,60981.0
30,6,Jimmie Allen,195759.0,58506.0
30,6,Olivia Jade,194809.0,58698.0
30,6,JoJo Siwa,202279.0,60087.0
30,6,Kenya Moore,118274.0,14005.0
30,6,Amanda Kloots,199039.0,57668.0
30,7,Melora Hardin,262360.0,75657.0
30,7,"Mike ""The Miz"" Mizanin",154961.0,23092.0
30,7,Suni Lee,261047.0,69720.0
30,7,Iman Shumpert,251629.0,77055.0
30,7,Cody Rigsby,251884.0,82929.0
30,7,Jimmie Allen,254091.0,72275.0
30,7,Olivia Jade,262000.0,74047.0
30,7,JoJo Siwa,249463.0,70497.0
30,7,Amanda Kloots,253952.0,76094.0
30,8,Melora Hardin,316108.0,86100.0
30,8,Suni Lee,325088.0,73264.0
30,8,Iman Shumpert,297908.0,92657.0
30,8,Cody Rigsby,302967.0,101269.0
30,8,Jimmie Allen,269197.0,77466.0
30,8,Olivia Jade,128847.0,9608.0
30,8,JoJo Siwa,299353.0,81675.0
30,8,Amanda Kloots,318392.0,89282.0
30,9,Melora Hardin,264720.0,42000.0
30,9,Suni Lee,393724.0,49238.0
30,9,Iman Shumpert,565340.0,152507.0
30,9,Cody Rigsby,568307.0,136999.0
30,9,JoJo Siwa,548738.0,147228.0
30,9,Amanda Kloots,551536.0,145095.0
30,10,Iman Shumpert,1098263.0,113563.0
30,10,Cody Rigsby,799627.0,233312.0
30,10,JoJo Siwa,624636.0,126591.0
30,10,Amanda Kloots,452241.0,25386.0
31,1,Jason Lewis,29739.0,2072.0
31,1,Cheryl Ladd,64596.0,24135.0
31,1,Selma Blair,64634.0,23286.0
31,1,Joseph Baena,66085.0,22179.0
31,1,Trevor Donovan,64071.0,23627.0
31,1,Daniel Durant,65798.0,24212.0
31,1,Wayne Brady,64991.0,21378.0
31,1,Sam Champion,61419.0,21045.0
31,1,Jessie James Decker,63928.0,20607.0
31,1,Jordin Sparks,62224.0,23974.0
31,1,Heidi D'Amelio,63666.0,23634.0
31,1,Charli D'Amelio,64375.0,21161.0
31,1,Teresa Giudice,64005.0,22337.0
31,1,Vinny Guadagnino,65342.0,23523.0
31,1,Shangela,66331.0,23037.0
31,1,Gabby Windey,64327.0,21835.0
31,2,Cheryl Ladd,74740.0,26575.0
31,2,Selma Blair,72014.0,30473.0
31,2,Joseph Baena,73123.0,23464.0
31,2,Trevor Donovan,68683.0,21384.0
31,2,Daniel Durant,71087.0,25862.0
31,2,Wayne Brady,68044.0,25564.0
31,2,Sam Champion,66372.0,22897.0
31,2,Jessie James Decker,66854.0,19502.0
31,2,Jordin Sparks,68965.0,27587.0
31,2,Heidi D'Amelio,69423.0,28156.0
31,2,Charli D'Amelio,68103.0,25002.0
31,2,Teresa Giudice,32794.0,1643.0
31,2,Vinny Guadagnino,74690.0,26836.0
31,2,Shangela,72180.0,25168.0
31,2,Gabby Windey,65948.0,23162.0
31,3,Cheryl Ladd,36633.0,3513.0
31,3,Selma Blair,79039.0,37766.0
31,3,Joseph Baena,85212.0,24504.0
31,3,Trevor Donovan,74214.0,24883.0
31,3,Daniel Durant,81993.0,26233.0
31,3,Wayne Brady,76526.0,24610.0
31,3,Sam Champion,75576.0,27470.0
31,3,Jessie James Decker,73687.0,21900.0
31,3,Jordin Sparks,80501.0,30153.0
31,3,Heidi D'Amelio,85029.0,35916.0
31,3,Charli D'Amelio,78361.0,23625.0
31,3,Vinny Guadagnino,84032.0,26318.0
31,3,Shangela,82931.0,29012.0
31,3,Gabby Windey,73898.0,25535.0
31,4,Selma Blair,88710.0,33575.0
31,4,Joseph Baena,107760.0,29755.0
31,4,Trevor Donovan,94790.0,32569.0
31,4,Daniel Durant,102649.0,30908.0
31,4,Wayne Brady,88969.0,29529.0
31,4,Sam Champion,45977.0,8033.0
31,4,Jessie James Decker,89295.0,22775.0
31,4,Jordin Sparks,106576.0,38792.0
31,4,Heidi D'Amelio,101093.0,40727.0
31,4,Charli D'Amelio,93435.0,25775.0
31,4,Vinny Guadagnino,103669.0,32596.0
31,4,Shangela,99549.0,33736.0
31,4,Gabby Windey,90102.0,30258.0
31,5,Selma Blair,128905.0,1547.0
31,5,Joseph Baena,128905.0,1547.0
31,5,Trevor Donovan,128905.0,1547.0
31,5,Daniel Durant,128905.0,1547.0
31,5,Wayne Brady,128905.0,1547.0
31,5,Jessie James Decker,128905.0,1547.0
31,5,Jordin Sparks,128905.0,1547.0
31,5,Heidi D'Amelio,128905.0,1547.0
31,5,Charli D'Amelio,128905.0,1547.0
31,5,Vinny Guadagnino,128905.0,1547.0
31,5,Shangela,128905.0,1547.0
31,5,Gabby Windey,128905.0,1547.0
31,6,Trevor Donovan,194480.0,43837.0
31,6,Daniel Durant,223529.0,56820.0
31,6,Wayne Brady,171660.0,65891.0
31,6,Jessie James Decker,124350.0,11832.0
31,6,Jordin Sparks,252205.0,61100.0
31,6,Heidi D'Amelio,185776.0,50706.0
31,6,Charli D'Amelio,187111.0,61411.0
31,6,Vinny Guadagnino,215126.0,62059.0
31,6,Shangela,167201.0,62123.0
31,6,Gabby Windey,178187.0,49733.0
31,7,Trevor Donovan,248919.0,70740.0
31,7,Daniel Durant,273260.0,50821.0
31,7,Wayne Brady,231932.0,50989.0
31,7,Jordin Sparks,163174.0,15863.0
31,7,Heidi D'Amelio,256288.0,38442.0
31,7,Charli D'Amelio,240161.0,78705.0
31,7,Vinny Guadagnino,318177.0,87296.0
31,7,Shangela,258641.0,96281.0
31,7,Gabby Windey,204649.0,61293.0
31,8,Trevor Donovan,307839.0,67331.0
31,8,Daniel Durant,327817.0,64901.0
31,8,Wayne Brady,272239.0,62847.0
31,8,Heidi D'Amelio,163626.0,25527.0
31,8,Charli D'Amelio,296869.0,105645.0
31,8,Vinny Guadagnino,296262.0,70091.0
31,8,Shangela,327737.0,128177.0
31,8,Gabby Windey,268780.0,70173.0
31,9,Trevor Donovan,302895.0,7684.0
31,9,Daniel Durant,510046.0,78473.0
31,9,Wayne Brady,466097.0,114874.0
31,9,Charli D'Amelio,562336.0,170851.0
31,9,Shangela,589634.0,226032.0
31,9,Gabby Windey,516944.0,115833.0
31,10,Wayne Brady,706805.0,181031.0
31,10,Charli D'Amelio,1062493.0,122946.0
31,10,Shangela,371184.0,62772.0
31,10,Gabby Windey,673920.0,117036.0
32,1,Jamie Lynn Spears,74218.0,24501.0
32,1,Mira Sorvino,75571.0,27624.0
32,1,Barry Williams,74440.0,25606.0
32,1,Alyson Hannigan,76200.0,26222.0
32,1,Xochitl Gomez,74682.0,27338.0
32,1,Adrian Peterson,72602.0,24997.0
32,1,Matt Walsh,36880.0,3542.0
32,1,Tyson Beckford,74761.0,27746.0
32,1,Jason Mraz,74296.0,25306.0
32,1,Lele Pons,72066.0,24848.0
32,1,Harry Jowsey,71285.0,22612.0
32,1,Mauricio Umansky,69514.0,23629.0
32,1,Charity Lawson,75157.0,24284.0
32,1,Ariana Madix,76031.0,26574.0
32,2,Jamie Lynn Spears,28361.0,4555.0
32,2,Mira Sorvino,87449.0,32051.0
32,2,Barry Williams,84158.0,30880.0
32,2,Alyson Hannigan,85138.0,28453.0
32,2,Xochitl Gomez,77505.0,31213.0
32,2,Adrian Peterson,82141.0,28540.0
32,2,Tyson Beckford,79719.0,26725.0
32,2,Jason Mraz,82595.0,27708.0
32,2,Lele Pons,74883.0,26301.0
32,2,Harry Jowsey,82495.0,23756.0
32,2,Mauricio Umansky,77606.0,25822.0
32,2,Charity Lawson,81526.0,22919.0
32,2,Ariana Madix,79659.0,25687.0
32,3,Mira Sorvino,94963.0,34140.0
32,3,Barry Williams,95943.0,34236.0
32,3,Alyson Hannigan,84979.0,25225.0
32,3,Xochitl Gomez,86565.0,36793.0
32,3,Adrian Peterson,97253.0,30448.0
32,3,Tyson Beckford,45514.0,7323.0
32,3,Jason Mraz,94493.0,31022.0
32,3,Lele Pons,81983.0,30447.0
32,3,Harry Jowsey,96505.0,25057.0
32,3,Mauricio Umansky,92776.0,29957.0
32,3,Charity Lawson,91456.0,25126.0
32,3,Ariana Madix,85068.0,27576.0
32,4,Mira Sorvino,118883.0,48011.0
32,4,Barry Williams,131046.0,18456.0
32,4,Alyson Hannigan,106465.0,51975.0
32,4,Xochitl Gomez,82387.0,38034.0
32,4,Adrian Peterson,37299.0,1179.0
32,4,Jason Mraz,101552.0,27967.0
32,4,Lele Pons,100085.0,26703.0
32,4,Harry Jowsey,127982.0,32917.0
32,4,Mauricio Umansky,137792.0,20131.0
32,4,Charity Lawson,107167.0,21903.0
32,4,Ariana Madix,95318.0,19950.0
32,5,Mira Sorvino,34885.0,18734.0
32,5,Barry Williams,166515.0,17999.0
32,5,Alyson Hannigan,182735.0,88283.0
32,5,Xochitl Gomez,125928.0,41001.0
32,5,Jason Mraz,134106.0,30981.0
32,5,Lele Pons,141566.0,44521.0
32,5,Harry Jowsey,136194.0,43854.0
32,5,Mauricio Umansky,181108.0,24696.0
32,5,Charity Lawson,125241.0,18941.0
32,5,Ariana Madix,125053.0,20314.0
32,6,Barry Williams,165003.0,7794.0
32,6,Alyson Hannigan,266245.0,12520.0
32,6,Xochitl Gomez,111074.0,7250.0
32,6,Jason Mraz,354790.0,15052.0
32,6,Lele Pons,161210.0,7654.0
32,6,Harry Jowsey,163946.0,9140.0
32,6,Mauricio Umansky,86664.0,2546.0
32,6,Charity Lawson,256421.0,9392.0
32,6,Ariana Madix,131040.0,6063.0
32,8,Barry Williams,165906.0,6992.0
32,8,Alyson Hannigan,347753.0,82179.0
32,8,Xochitl Gomez,344642.0,92841.0
32,8,Jason Mraz,351133.0,85318.0
32,8,Harry Jowsey,313183.0,87081.0
32,8,Charity Lawson,362605.0,98437.0
32,8,Ariana Madix,347806.0,85727.0
32,9,Alyson Hannigan,392913.0,98676.0
32,9,Xochitl Gomez,407259.0,104873.0
32,9,Jason Mraz,457583.0,110848.0
32,9,Harry Jowsey,285136.0,51593.0
32,9,Charity Lawson,430262.0,106813.0
32,9,Ariana Madix,393813.0,95093.0
32,10,Alyson Hannigan,621074.0,148863.0
32,10,Xochitl Gomez,625366.0,166996.0
32,10,Jason Mraz,673042.0,162848.0
32,10,Charity Lawson,677952.0,158136.0
32,10,Ariana Madix,617493.0,151525.0
32,11,Alyson Hannigan,624606.0,152356.0
32,11,Xochitl Gomez,702559.0,129064.0
32,11,Jason Mraz,594940.0,113336.0
32,11,Charity Lawson,389132.0,13059.0
32,11,Ariana Madix,623237.0,153869.0
33,1,Tori Spelling,77453.0,27035.0
33,1,Eric Roberts,76460.0,26928.0
33,1,Reginald VelJohnson,75329.0,25427.0
33,1,Chandler Kinney,79465.0,27488.0
33,1,Dwight Howard ,81481.0,28126.0
33,1,Danny Amendola,75091.0,25702.0
33,1,Stephen Nedoroscik,79197.0,27347.0
33,1,Ilona Maher,77387.0,29786.0
33,1,Anna Delvey,74977.0,27445.0
33,1,Brooks Nader,76851.0,28138.0
33,1,Phaedra Parks,78173.0,28582.0
33,1,Jenn Tran,77770.0,27709.0
33,1,Joey Graziadei,80407.0,29586.0
33,2,Tori Spelling,38425.0,10462.0
33,2,Eric Roberts,83173.0,27476.0
33,2,Reginald VelJohnson,76849.0,26163.0
33,2,Chandler Kinney,80786.0,28985.0
33,2,Dwight Howard ,82197.0,28634.0
33,2,Danny Amendola,80747.0,27376.0
33,2,Stephen Nedoroscik,80869.0,28789.0
33,2,Ilona Maher,81316.0,31179.0
33,2,Anna Delvey,19957.0,3173.0
33,2,Brooks Nader,83192.0,29913.0
33,2,Phaedra Parks,80209.0,27180.0
33,2,Jenn Tran,82899.0,26923.0
33,2,Joey Graziadei,79422.0,29745.0
33,3,Eric Roberts,63678.0,14642.0
33,3,Reginald VelJohnson,40078.0,3831.0
33,3,Chandler Kinney,102878.0,40094.0
33,3,Dwight Howard ,99758.0,34489.0
33,3,Danny Amendola,102372.0,34827.0
33,3,Stephen Nedoroscik,101459.0,33962.0
33,3,Ilona Maher,105068.0,38336.0
33,3,Brooks Nader,107048.0,39073.0
33,3,Phaedra Parks,99519.0,34207.0
33,3,Jenn Tran,102299.0,30823.0
33,3,Joey Graziadei,99442.0,36532.0
33,4,Chandler Kinney,151057.0,43030.0
33,4,Dwight Howard ,151459.0,47475.0
33,4,Danny Amendola,143165.0,46752.0
33,4,Stephen Nedoroscik,149649.0,47117.0
33,4,Ilona Maher,176209.0,52665.0
33,4,Brooks Nader,75432.0,2391.0
33,4,Phaedra Parks,155748.0,47026.0
33,4,Jenn Tran,153133.0,36587.0
33,4,Joey Graziadei,154325.0,52316.0
33,5,Chandler Kinney,227278.0,69185.0
33,5,Dwight Howard ,234178.0,63523.0
33,5,Danny Amendola,202806.0,43887.0
33,5,Stephen Nedoroscik,234468.0,51755.0
33,5,Ilona Maher,224908.0,58812.0
33,5,Phaedra Parks,118951.0,1750.0
33,5,Jenn Tran,221085.0,45393.0
33,5,Joey Graziadei,229590.0,75287.0
33,6,Chandler Kinney,292117.0,55237.0
33,6,Dwight Howard ,343800.0,69488.0
33,6,Danny Amendola,313656.0,41608.0
33,6,Stephen Nedoroscik,378095.0,78123.0
33,6,Ilona Maher,354297.0,60761.0
33,6,Jenn Tran,132593.0,11050.0
33,6,Joey Graziadei,258748.0,60807.0
33,7,Chandler Kinney,365802.0,88638.0
33,7,Dwight Howard ,303102.0,41847.0
33,7,Danny Amendola,390152.0,58485.0
33,7,Stephen Nedoroscik,461551.0,90598.0
33,7,Ilona Maher,441069.0,96454.0
33,7,Joey Graziadei,354344.0,72158.0
33,8,Chandler Kinney,581303.0,157164.0
33,8,Danny Amendola,653274.0,102615.0
33,8,Stephen Nedoroscik,692094.0,124541.0
33,8,Ilona Maher,706413.0,144041.0
33,8,Joey Graziadei,572110.0,97606.0
33,9,Chandler Kinney,300130.0,25124.0
33,9,Danny Amendola,663893.0,107245.0
33,9,Stephen Nedoroscik,507294.0,19506.0
33,9,Ilona Maher,851837.0,66070.0
33,9,Joey Graziadei,571099.0,97934.0
34,1,Corey Feldman,70388.0,26590.0
34,1,Danielle Fishel,73222.0,26190.0
34,1,Elaine Hendrix,71412.0,25979.0
34,1,Baron Davis,71499.0,23870.0
34,1,Jordan Chiles,68984.0,25959.0
34,1,Andy Richter,70539.0,25726.0
34,1,Robert Irwin,73971.0,25073.0
34,1,Hilaria Baldwin,74081.0,25492.0
34,1,Lauren Jauregui,73920.0,26380.0
34,1,Scott Hoying,71130.0,25256.0
34,1,Alix Earle,74011.0,25417.0
34,1,Jen Affleck,72096.0,24691.0
34,1,Whitney Leavitt,74799.0,24078.0
34,1,Dylan Efron,69987.0,25035.0
34,2,Corey Feldman,45721.0,15304.0
34,2,Danielle Fishel,76253.0,28211.0
34,2,Elaine Hendrix,75457.0,27641.0
34,2,Baron Davis,27019.0,1224.0
34,2,Jordan Chiles,72955.0,29137.0
34,2,Andy Richter,72989.0,25402.0
34,2,Robert Irwin,71483.0,24873.0
34,2,Hilaria Baldwin,77147.0,28029.0
34,2,Lauren Jauregui,77910.0,28735.0
34,2,Scott Hoying,75839.0,25470.0
34,2,Alix Earle,73562.0,25265.0
34,2,Jen Affleck,75249.0,24142.0
34,2,Whitney Leavitt,73509.0,23917.0
34,2,Dylan Efron,73079.0,24507.0
34,3,Danielle Fishel,91103.0,30408.0
34,3,Elaine Hendrix,93152.0,33285.0
34,3,Jordan Chiles,88177.0,28172.0
34,3,Andy Richter,94593.0,32877.0
34,3,Robert Irwin,83992.0,26903.0
34,3,Hilaria Baldwin,93751.0,35315.0
34,3,Lauren Jauregui,44946.0,3739.0
34,3,Scott Hoying,90681.0,30007.0
34,3,Alix Earle,90643.0,27561.0
34,3,Jen Affleck,94318.0,28807.0
34,3,Whitney Leavitt,92305.0,30707.0
34,3,Dylan Efron,89937.0,28142.0
34,4,Danielle Fishel,133441.0,20738.0
34,4,Elaine Hendrix,107630.0,25210.0
34,4,Jordan Chiles,92112.0,20730.0
34,4,Andy Richter,104606.0,33919.0
34,4,Robert Irwin,109232.0,17857.0
34,4,Hilaria Baldwin,40735.0,1179.0
34,4,Scott Hoying,141942.0,36654.0
34,4,Alix Earle,90949.0,21919.0
34,4,Jen Affleck,112037.0,29289.0
34,4,Whitney Leavitt,118412.0,38030.0
34,4,Dylan Efron,103143.0,30373.0
34,5,Danielle Fishel,166081.0,23356.0
34,5,Elaine Hendrix,133311.0,34372.0
34,5,Jordan Chiles,116117.0,25958.0
34,5,Andy Richter,125127.0,38112.0
34,5,Robert Irwin,145037.0,24555.0
34,5,Scott Hoying,181984.0,42269.0
34,5,Alix Earle,116284.0,25501.0
34,5,Jen Affleck,135989.0,33007.0
34,5,Whitney Leavitt,152413.0,46701.0
34,5,Dylan Efron,131068.0,42114.0
34,6,Danielle Fishel,217550.0,36503.0
34,6,Elaine Hendrix,178687.0,20121.0
34,6,Jordan Chiles,164540.0,32205.0
34,6,Andy Richter,172930.0,48580.0
34,6,Robert Irwin,170629.0,19201.0
34,6,Scott Hoying,111355.0,7248.0
34,6,Alix Earle,143748.0,37136.0
34,6,Jen Affleck,177888.0,49363.0
34,6,Whitney Leavitt,168605.0,64033.0
34,6,Dylan Efron,190030.0,48850.0
34,7,Danielle Fishel,313405.0,25592.0
34,7,Elaine Hendrix,239246.0,16064.0
34,7,Jordan Chiles,201227.0,31498.0
34,7,Andy Richter,261636.0,36497.0
34,7,Robert Irwin,221423.0,17631.0
34,7,Alix Earle,207274.0,54657.0
34,7,Jen Affleck,128155.0,10018.0
34,7,Whitney Leavitt,241926.0,89358.0
34,7,Dylan Efron,220591.0,24505.0
34,8,Danielle Fishel,199273.0,20624.0
34,8,Elaine Hendrix,308074.0,18605.0
34,8,Jordan Chiles,254192.0,37567.0
34,8,Andy Richter,359735.0,52199.0
34,8,Robert Irwin,254033.0,24379.0
34,8,Alix Earle,239515.0,54940.0
34,8,Whitney Leavitt,280983.0,110201.0
34,8,Dylan Efron,264920.0,40910.0
34,9,Elaine Hendrix,381562.0,18989.0
34,9,Jordan Chiles,342785.0,36104.0
34,9,Andy Richter,278202.0,15993.0
34,9,Robert Irwin,328750.0,28842.0
34,9,Alix Earle,257532.0,87934.0
34,9,Whitney Leavitt,426206.0,146425.0
34,9,Dylan Efron,326989.0,43311.0
34,10,Elaine Hendrix,611517.0,33593.0
34,10,Jordan Chiles,541333.0,30067.0
34,10,Robert Irwin,453720.0,6613.0
34,10,Alix Earle,516051.0,3215.0
34,10,Whitney Leavitt,284135.0,14374.0
34,10,Dylan Efron,719606.0,13589.0
34,11,Elaine Hendrix,647390.0,3237.0
34,11,Jordan Chiles,647390.0,3237.0
34,11,Robert Irwin,647390.0,3237.0
34,11,Alix Earle,647390.0,3237.0
34,11,Dylan Efron,647390.0,3237.0
